basket_id,item
1,Bananas
1,Bread
1,Butter
1,Cheese
1,Crisps
1,Pasta
1,Soft Drinks
2,Baby Wipes
2,Coffee
2,Crisps
2,Eggs
2,Nappies
2,Sugar
2,Tea
3,Cheese
3,Pasta
3,Tomato Sauce
4,Butter
4,Cheese
4,Crisps
4,Eggs
4,Milk
4,Pasta
5,Baby Wipes
5,Coffee
5,Crisps
5,Nappies
5,Soft Drinks
5,Sugar
6,Bananas
6,Cheese
6,Milk
6,Soft Drinks
7,Bananas
7,Bread
7,Butter
7,Crisps
7,Soft Drinks
7,Tomato Sauce
8,Coffee
8,Milk
8,Sugar
8,Tea
9,Bread
9,Butter
9,Coffee
9,Eggs
9,Pasta
9,Tomato Sauce
10,Baby Wipes
10,Bread
10,Butter
10,Crisps
10,Eggs
10,Milk
10,Nappies
10,Soft Drinks
10,Tea
11,Baby Wipes
11,Bananas
11,Cheese
11,Crisps
11,Pasta
11,Soft Drinks
11,Tomato Sauce
12,Baby Wipes
12,Butter
12,Nappies
13,Baby Wipes
13,Bread
13,Butter
13,Coffee
13,Crisps
13,Nappies
13,Tomato Sauce
14,Bread
14,Butter
14,Cheese
14,Coffee
14,Crisps
14,Eggs
14,Sugar
15,Baby Wipes
15,Bananas
15,Cheese
15,Coffee
15,Nappies
15,Pasta
16,Bananas
16,Tea
17,Baby Wipes
17,Bread
17,Cheese
17,Eggs
17,Nappies
18,Cheese
18,Coffee
18,Milk
18,Soft Drinks
18,Sugar
18,Tea
19,Bread
19,Coffee
19,Milk
19,Pasta
19,Sugar
19,Tomato Sauce
20,Coffee
20,Crisps
20,Eggs
20,Milk
20,Soft Drinks
20,Sugar
20,Tea
20,Tomato Sauce
21,Baby Wipes
21,Bread
21,Butter
21,Soft Drinks
21,Sugar
22,Baby Wipes
22,Tea
23,Bread
23,Butter
23,Crisps
23,Milk
23,Pasta
23,Tea
23,Tomato Sauce
24,Baby Wipes
24,Bananas
24,Coffee
24,Milk
24,Pasta
24,Sugar
24,Tea
25,Crisps
25,Eggs
25,Milk
25,Tea
26,Eggs
26,Tomato Sauce
27,Baby Wipes
27,Bananas
27,Milk
27,Soft Drinks
28,Butter
28,Cheese
28,Crisps
28,Eggs
28,Soft Drinks
29,Milk
29,Sugar
30,Cheese
30,Coffee
30,Pasta
30,Tea
30,Tomato Sauce
31,Cheese
31,Crisps
31,Milk
31,Soft Drinks
31,Tea
32,Bananas
32,Crisps
32,Eggs
32,Soft Drinks
33,Coffee
33,Crisps
33,Sugar
34,Sugar
34,Tea
35,Coffee
35,Crisps
35,Eggs
35,Soft Drinks
36,Butter
36,Soft Drinks
37,Bananas
37,Butter
37,Crisps
37,Soft Drinks
37,Tomato Sauce
38,Butter
38,Milk
38,Nappies
38,Tea
39,Bananas
39,Cheese
39,Tomato Sauce
40,Baby Wipes
40,Coffee
40,Nappies
40,Sugar
41,Baby Wipes
41,Cheese
41,Crisps
41,Nappies
42,Coffee
42,Eggs
42,Milk
42,Pasta
42,Sugar
42,Tomato Sauce
43,Baby Wipes
43,Coffee
43,Crisps
43,Milk
43,Nappies
43,Sugar
44,Baby Wipes
44,Eggs
44,Milk
44,Nappies
44,Pasta
44,Tea
44,Tomato Sauce
45,Baby Wipes
45,Soft Drinks
45,Tomato Sauce
46,Baby Wipes
46,Cheese
46,Coffee
46,Nappies
46,Sugar
46,Tomato Sauce
47,Baby Wipes
47,Bread
47,Butter
47,Coffee
47,Crisps
47,Nappies
47,Sugar
48,Crisps
48,Eggs
48,Milk
48,Pasta
48,Soft Drinks
48,Tea
49,Cheese
49,Coffee
49,Eggs
49,Sugar
50,Bananas
50,Crisps
50,Eggs
50,Pasta
50,Soft Drinks
50,Tea
50,Tomato Sauce
51,Bananas
51,Bread
51,Butter
51,Cheese
51,Milk
51,Pasta
52,Crisps
52,Soft Drinks
52,Sugar
52,Tomato Sauce
53,Baby Wipes
53,Cheese
53,Crisps
53,Eggs
53,Milk
53,Soft Drinks
54,Bananas
54,Bread
54,Coffee
54,Crisps
54,Pasta
54,Soft Drinks
55,Baby Wipes
55,Bananas
55,Bread
55,Crisps
55,Pasta
55,Soft Drinks
55,Tomato Sauce
56,Baby Wipes
56,Coffee
56,Nappies
56,Sugar
57,Cheese
57,Milk
57,Tea
58,Baby Wipes
58,Nappies
58,Pasta
58,Tomato Sauce
59,Cheese
59,Coffee
59,Sugar
60,Bread
60,Butter
60,Coffee
60,Crisps
60,Milk
60,Nappies
60,Soft Drinks
60,Tea
61,Baby Wipes
61,Bread
61,Butter
61,Cheese
61,Milk
61,Nappies
61,Soft Drinks
61,Sugar
61,Tea
62,Coffee
62,Crisps
62,Milk
62,Pasta
62,Soft Drinks
62,Sugar
63,Bananas
63,Milk
63,Tea
64,Bananas
64,Tea
65,Baby Wipes
65,Bread
65,Butter
65,Crisps
65,Milk
65,Nappies
65,Tea
66,Baby Wipes
66,Crisps
66,Eggs
66,Nappies
66,Soft Drinks
67,Butter
67,Crisps
68,Bananas
68,Butter
68,Cheese
69,Baby Wipes
69,Bananas
69,Cheese
69,Crisps
69,Pasta
70,Crisps
70,Eggs
71,Coffee
71,Pasta
71,Sugar
71,Tea
71,Tomato Sauce
72,Eggs
72,Milk
72,Tea
73,Baby Wipes
73,Pasta
73,Tomato Sauce
74,Baby Wipes
74,Butter
74,Coffee
74,Milk
75,Bread
75,Butter
76,Bananas
76,Crisps
76,Eggs
76,Pasta
76,Soft Drinks
76,Tea
76,Tomato Sauce
77,Bananas
77,Tea
78,Baby Wipes
78,Butter
78,Sugar
79,Baby Wipes
79,Eggs
79,Milk
79,Nappies
79,Soft Drinks
79,Tea
80,Crisps
80,Milk
80,Tea
81,Baby Wipes
81,Cheese
81,Eggs
81,Milk
82,Bananas
82,Milk
82,Tea
83,Baby Wipes
83,Nappies
83,Pasta
83,Tomato Sauce
84,Bread
84,Cheese
84,Coffee
84,Pasta
84,Tomato Sauce
85,Crisps
85,Milk
85,Tea
86,Baby Wipes
86,Bread
86,Butter
86,Cheese
86,Soft Drinks
87,Baby Wipes
87,Crisps
87,Eggs
87,Nappies
87,Tomato Sauce
88,Crisps
88,Tea
89,Baby Wipes
89,Bread
89,Butter
89,Cheese
89,Coffee
89,Nappies
89,Sugar
90,Crisps
90,Pasta
90,Soft Drinks
90,Tomato Sauce
91,Coffee
91,Crisps
91,Soft Drinks
92,Bananas
92,Milk
92,Tea
93,Coffee
93,Crisps
93,Nappies
93,Pasta
93,Soft Drinks
93,Sugar
93,Tomato Sauce
94,Baby Wipes
94,Bananas
94,Crisps
94,Milk
94,Nappies
94,Pasta
94,Soft Drinks
94,Tomato Sauce
95,Baby Wipes
95,Crisps
95,Milk
95,Nappies
95,Tea
95,Tomato Sauce
96,Crisps
96,Nappies
96,Pasta
96,Tomato Sauce
97,Bread
97,Butter
97,Pasta
97,Sugar
97,Tomato Sauce
98,Bananas
98,Bread
98,Butter
98,Coffee
98,Crisps
98,Pasta
98,Tomato Sauce
99,Butter
99,Crisps
99,Nappies
99,Sugar
100,Butter
100,Crisps
100,Eggs
100,Milk
100,Tea
101,Baby Wipes
101,Butter
101,Eggs
101,Nappies
101,Pasta
101,Tea
101,Tomato Sauce
102,Baby Wipes
102,Butter
102,Milk
102,Pasta
102,Tea
102,Tomato Sauce
103,Bananas
103,Bread
103,Coffee
103,Crisps
103,Nappies
103,Tomato Sauce
104,Cheese
104,Eggs
105,Bananas
105,Bread
105,Crisps
105,Milk
106,Baby Wipes
106,Bananas
106,Cheese
106,Coffee
107,Baby Wipes
107,Bananas
107,Crisps
107,Nappies
107,Pasta
107,Soft Drinks
107,Sugar
107,Tea
108,Baby Wipes
108,Milk
108,Nappies
108,Tea
108,Tomato Sauce
109,Coffee
109,Eggs
109,Nappies
109,Tomato Sauce
110,Baby Wipes
110,Coffee
110,Eggs
110,Milk
110,Nappies
110,Pasta
110,Soft Drinks
110,Sugar
110,Tea
110,Tomato Sauce
111,Bananas
111,Bread
111,Crisps
111,Eggs
111,Tea
112,Bananas
112,Milk
112,Pasta
112,Tea
112,Tomato Sauce
113,Bananas
113,Bread
114,Baby Wipes
114,Bananas
114,Bread
114,Cheese
114,Nappies
114,Tomato Sauce
115,Baby Wipes
115,Bread
115,Butter
115,Crisps
116,Baby Wipes
116,Bananas
116,Butter
116,Coffee
116,Nappies
116,Pasta
116,Sugar
116,Tomato Sauce
117,Baby Wipes
117,Bananas
117,Butter
117,Coffee
117,Crisps
117,Nappies
118,Baby Wipes
118,Bread
118,Coffee
118,Crisps
118,Nappies
118,Soft Drinks
118,Sugar
118,Tomato Sauce
119,Cheese
119,Coffee
119,Pasta
119,Soft Drinks
119,Sugar
119,Tea
120,Baby Wipes
120,Bananas
120,Bread
120,Butter
120,Crisps
120,Nappies
121,Butter
121,Coffee
121,Eggs
121,Pasta
121,Sugar
121,Tomato Sauce
122,Coffee
122,Crisps
122,Soft Drinks
123,Baby Wipes
123,Bread
123,Butter
123,Eggs
123,Milk
123,Nappies
123,Soft Drinks
123,Tea
124,Baby Wipes
124,Crisps
124,Milk
124,Tea
124,Tomato Sauce
125,Baby Wipes
125,Bread
125,Butter
125,Coffee
125,Milk
125,Pasta
125,Sugar
125,Tomato Sauce
126,Baby Wipes
126,Butter
126,Coffee
126,Milk
126,Pasta
126,Sugar
126,Tea
127,Baby Wipes
127,Bread
127,Coffee
127,Crisps
127,Soft Drinks
128,Bananas
128,Crisps
128,Soft Drinks
129,Eggs
129,Milk
129,Tea
130,Eggs
130,Nappies
130,Sugar
131,Milk
131,Nappies
131,Tea
132,Soft Drinks
132,Sugar
132,Tomato Sauce
133,Bread
133,Butter
133,Milk
134,Baby Wipes
134,Bread
134,Cheese
134,Crisps
135,Bread
135,Crisps
135,Nappies
136,Crisps
136,Eggs
136,Soft Drinks
137,Bread
137,Crisps
137,Eggs
137,Soft Drinks
138,Baby Wipes
138,Bananas
138,Bread
138,Butter
138,Cheese
138,Eggs
138,Nappies
139,Bread
139,Crisps
139,Sugar
140,Baby Wipes
140,Bread
140,Milk
140,Nappies
140,Sugar
140,Tomato Sauce
141,Baby Wipes
141,Butter
141,Cheese
141,Coffee
141,Nappies
141,Sugar
141,Tomato Sauce
142,Baby Wipes
142,Bread
142,Butter
142,Milk
142,Nappies
142,Sugar
142,Tea
143,Bread
143,Milk
144,Butter
144,Crisps
144,Eggs
144,Milk
145,Bread
145,Butter
145,Pasta
145,Sugar
145,Tea
145,Tomato Sauce
146,Bananas
146,Coffee
146,Crisps
146,Eggs
146,Soft Drinks
146,Tomato Sauce
147,Bread
147,Butter
147,Crisps
147,Pasta
147,Soft Drinks
147,Sugar
148,Bananas
148,Coffee
148,Eggs
148,Milk
149,Baby Wipes
149,Bread
149,Butter
149,Crisps
149,Nappies
149,Pasta
149,Soft Drinks
149,Sugar
149,Tea
150,Baby Wipes
150,Bananas
150,Butter
150,Crisps
150,Nappies
150,Tea
150,Tomato Sauce
151,Baby Wipes
151,Bread
151,Butter
151,Crisps
151,Milk
151,Nappies
151,Soft Drinks
152,Baby Wipes
152,Bread
152,Butter
152,Coffee
152,Eggs
152,Nappies
152,Soft Drinks
153,Baby Wipes
153,Bread
153,Butter
153,Cheese
153,Crisps
153,Eggs
154,Crisps
154,Milk
154,Tea
154,Tomato Sauce
155,Baby Wipes
155,Bread
155,Butter
155,Coffee
155,Tea
155,Tomato Sauce
156,Bananas
156,Bread
156,Crisps
156,Milk
156,Sugar
156,Tea
157,Baby Wipes
157,Butter
157,Milk
157,Pasta
157,Sugar
158,Bananas
158,Butter
158,Crisps
158,Milk
158,Pasta
158,Tea
158,Tomato Sauce
159,Milk
159,Sugar
160,Coffee
160,Sugar
160,Tea
161,Bread
161,Butter
161,Crisps
161,Milk
161,Pasta
161,Soft Drinks
161,Tomato Sauce
162,Baby Wipes
162,Cheese
162,Crisps
162,Pasta
162,Soft Drinks
162,Sugar
162,Tomato Sauce
163,Baby Wipes
163,Nappies
163,Pasta
163,Tomato Sauce
164,Bananas
164,Eggs
165,Bananas
165,Bread
165,Butter
165,Coffee
165,Crisps
166,Bread
166,Butter
166,Crisps
166,Eggs
166,Milk
166,Pasta
166,Tea
166,Tomato Sauce
167,Bananas
167,Coffee
167,Crisps
168,Baby Wipes
168,Butter
168,Milk
168,Nappies
168,Pasta
168,Tea
168,Tomato Sauce
169,Soft Drinks
169,Sugar
170,Baby Wipes
170,Bananas
170,Coffee
170,Milk
170,Nappies
170,Sugar
171,Cheese
171,Sugar
172,Baby Wipes
172,Bananas
172,Crisps
172,Eggs
172,Nappies
172,Soft Drinks
173,Bread
173,Butter
173,Cheese
173,Crisps
173,Pasta
173,Soft Drinks
173,Tomato Sauce
174,Bananas
174,Eggs
175,Eggs
175,Tea
176,Bread
176,Tomato Sauce
177,Bread
177,Crisps
177,Milk
177,Pasta
177,Soft Drinks
177,Tea
178,Milk
178,Pasta
178,Tea
179,Coffee
179,Pasta
179,Sugar
179,Tomato Sauce
180,Baby Wipes
180,Nappies
180,Pasta
180,Tea
180,Tomato Sauce
181,Bananas
181,Bread
181,Butter
181,Coffee
181,Crisps
181,Nappies
181,Sugar
182,Bananas
182,Coffee
182,Crisps
182,Milk
182,Tea
183,Bananas
183,Bread
183,Butter
183,Coffee
183,Pasta
183,Sugar
184,Bread
184,Butter
184,Cheese
184,Crisps
184,Milk
184,Soft Drinks
185,Crisps
185,Soft Drinks
186,Baby Wipes
186,Bananas
186,Bread
186,Butter
186,Coffee
186,Nappies
186,Pasta
186,Sugar
186,Tomato Sauce
187,Butter
187,Cheese
187,Tea
187,Tomato Sauce
188,Eggs
188,Milk
188,Tea
189,Bananas
189,Bread
189,Butter
189,Crisps
189,Milk
189,Pasta
189,Tea
189,Tomato Sauce
190,Bread
190,Butter
190,Pasta
190,Tomato Sauce
191,Butter
191,Crisps
191,Eggs
191,Milk
191,Pasta
191,Tea
191,Tomato Sauce
192,Baby Wipes
192,Cheese
192,Eggs
192,Nappies
192,Soft Drinks
193,Baby Wipes
193,Cheese
193,Crisps
193,Eggs
193,Nappies
193,Soft Drinks
194,Bread
194,Butter
194,Coffee
194,Pasta
194,Sugar
195,Bananas
195,Bread
195,Butter
195,Coffee
195,Crisps
195,Soft Drinks
195,Sugar
196,Eggs
196,Milk
196,Tea
196,Tomato Sauce
197,Baby Wipes
197,Butter
197,Coffee
197,Nappies
198,Bread
198,Butter
198,Cheese
198,Coffee
198,Crisps
198,Milk
198,Pasta
198,Tea
198,Tomato Sauce
199,Baby Wipes
199,Pasta
199,Tomato Sauce
200,Baby Wipes
200,Coffee
200,Nappies
200,Pasta
200,Sugar
200,Tomato Sauce
201,Bananas
201,Milk
202,Baby Wipes
202,Bananas
202,Bread
202,Butter
202,Coffee
202,Milk
202,Nappies
202,Sugar
203,Baby Wipes
203,Bananas
203,Bread
203,Butter
203,Nappies
203,Sugar
204,Bread
204,Cheese
204,Pasta
204,Tomato Sauce
205,Baby Wipes
205,Bananas
205,Bread
205,Butter
205,Coffee
205,Crisps
205,Nappies
206,Baby Wipes
206,Bread
206,Butter
206,Coffee
207,Butter
207,Cheese
208,Baby Wipes
208,Bread
208,Butter
208,Nappies
208,Tea
209,Bananas
209,Coffee
209,Crisps
209,Pasta
209,Sugar
210,Baby Wipes
210,Bananas
210,Bread
210,Butter
210,Eggs
210,Milk
210,Nappies
210,Pasta
210,Tea
211,Milk
211,Pasta
212,Baby Wipes
212,Cheese
212,Crisps
212,Milk
212,Soft Drinks
213,Bananas
213,Cheese
213,Coffee
213,Nappies
213,Sugar
213,Tomato Sauce
214,Bananas
214,Bread
214,Butter
215,Crisps
215,Eggs
215,Milk
215,Tea
216,Crisps
216,Milk
216,Soft Drinks
216,Tea
217,Cheese
217,Coffee
218,Bread
218,Butter
218,Eggs
218,Tomato Sauce
219,Bananas
219,Coffee
219,Crisps
219,Pasta
219,Soft Drinks
219,Sugar
219,Tomato Sauce
220,Cheese
220,Pasta
220,Tomato Sauce
221,Baby Wipes
221,Crisps
221,Eggs
221,Nappies
221,Pasta
221,Soft Drinks
221,Sugar
221,Tomato Sauce
222,Baby Wipes
222,Crisps
223,Baby Wipes
223,Bananas
223,Butter
223,Cheese
223,Crisps
223,Soft Drinks
223,Tomato Sauce
224,Baby Wipes
224,Crisps
224,Soft Drinks
225,Bread
225,Butter
225,Cheese
225,Coffee
225,Sugar
225,Tea
226,Baby Wipes
226,Nappies
226,Tea
226,Tomato Sauce
227,Baby Wipes
227,Crisps
227,Nappies
227,Soft Drinks
228,Baby Wipes
228,Eggs
228,Nappies
229,Baby Wipes
229,Butter
229,Eggs
229,Milk
229,Nappies
229,Pasta
229,Tea
229,Tomato Sauce
230,Coffee
230,Crisps
230,Milk
230,Pasta
230,Sugar
230,Tea
230,Tomato Sauce
231,Baby Wipes
231,Bananas
231,Cheese
231,Milk
231,Nappies
231,Tea
232,Eggs
232,Milk
233,Cheese
233,Crisps
233,Nappies
233,Tea
233,Tomato Sauce
234,Baby Wipes
234,Cheese
234,Nappies
234,Tea
235,Bananas
235,Butter
235,Coffee
235,Crisps
235,Eggs
236,Bananas
236,Butter
236,Crisps
236,Milk
236,Pasta
236,Soft Drinks
236,Tea
237,Baby Wipes
237,Butter
237,Nappies
237,Tomato Sauce
238,Bread
238,Cheese
238,Crisps
238,Pasta
238,Soft Drinks
238,Sugar
238,Tomato Sauce
239,Cheese
239,Coffee
239,Milk
239,Sugar
239,Tea
239,Tomato Sauce
240,Baby Wipes
240,Eggs
240,Nappies
240,Soft Drinks
240,Tomato Sauce
241,Baby Wipes
241,Bread
241,Butter
241,Nappies
241,Pasta
241,Sugar
241,Tomato Sauce
242,Baby Wipes
242,Cheese
242,Coffee
242,Crisps
242,Milk
242,Nappies
242,Sugar
242,Tea
243,Bananas
243,Eggs
244,Cheese
244,Crisps
244,Milk
244,Pasta
244,Soft Drinks
244,Tea
244,Tomato Sauce
245,Baby Wipes
245,Bananas
245,Bread
245,Butter
245,Cheese
245,Milk
245,Tea
246,Baby Wipes
246,Butter
246,Cheese
246,Milk
246,Nappies
246,Soft Drinks
246,Tea
247,Baby Wipes
247,Coffee
247,Crisps
247,Milk
247,Nappies
247,Soft Drinks
247,Sugar
247,Tea
248,Baby Wipes
248,Crisps
248,Milk
248,Nappies
248,Soft Drinks
248,Tea
249,Bananas
249,Bread
249,Cheese
249,Eggs
249,Milk
249,Tea
249,Tomato Sauce
250,Baby Wipes
250,Coffee
250,Nappies
250,Pasta
250,Tomato Sauce
251,Bananas
251,Bread
251,Butter
251,Cheese
251,Crisps
251,Milk
251,Tea
251,Tomato Sauce
252,Baby Wipes
252,Bread
252,Butter
252,Coffee
252,Crisps
252,Milk
252,Nappies
253,Crisps
253,Milk
253,Soft Drinks
253,Sugar
253,Tea
254,Baby Wipes
254,Cheese
254,Coffee
254,Eggs
254,Pasta
254,Sugar
254,Tomato Sauce
255,Coffee
255,Crisps
255,Soft Drinks
256,Bananas
256,Cheese
256,Coffee
256,Eggs
256,Milk
256,Tomato Sauce
257,Baby Wipes
257,Bananas
257,Nappies
257,Pasta
257,Soft Drinks
257,Tomato Sauce
258,Crisps
258,Eggs
258,Milk
258,Tea
258,Tomato Sauce
259,Baby Wipes
259,Crisps
259,Milk
259,Nappies
259,Soft Drinks
259,Tea
260,Baby Wipes
260,Cheese
260,Crisps
260,Pasta
260,Soft Drinks
260,Tomato Sauce
261,Bananas
261,Cheese
261,Milk
261,Tomato Sauce
262,Baby Wipes
262,Bananas
262,Coffee
262,Milk
262,Nappies
262,Tea
262,Tomato Sauce
263,Cheese
263,Pasta
263,Tea
263,Tomato Sauce
264,Baby Wipes
264,Eggs
264,Milk
264,Nappies
264,Tea
265,Butter
265,Coffee
266,Bananas
266,Cheese
266,Coffee
266,Pasta
266,Sugar
266,Tea
266,Tomato Sauce
267,Butter
267,Cheese
267,Crisps
267,Eggs
267,Soft Drinks
267,Sugar
268,Bananas
268,Bread
268,Butter
268,Pasta
268,Soft Drinks
268,Tomato Sauce
269,Bananas
269,Butter
269,Coffee
269,Crisps
269,Pasta
269,Soft Drinks
269,Sugar
269,Tomato Sauce
270,Baby Wipes
270,Eggs
270,Milk
270,Tea
270,Tomato Sauce
271,Baby Wipes
271,Bananas
271,Bread
271,Crisps
271,Milk
271,Tea
272,Bread
272,Butter
272,Eggs
272,Pasta
272,Soft Drinks
272,Tomato Sauce
273,Baby Wipes
273,Bread
273,Butter
273,Nappies
273,Pasta
273,Soft Drinks
273,Tomato Sauce
274,Pasta
274,Soft Drinks
274,Tomato Sauce
275,Bread
275,Butter
275,Milk
275,Nappies
275,Pasta
275,Tomato Sauce
276,Bread
276,Butter
276,Cheese
276,Crisps
276,Pasta
276,Soft Drinks
276,Sugar
276,Tomato Sauce
277,Coffee
277,Eggs
277,Pasta
278,Bananas
278,Coffee
278,Eggs
278,Milk
278,Pasta
278,Sugar
278,Tea
279,Baby Wipes
279,Coffee
279,Nappies
279,Sugar
280,Baby Wipes
280,Bananas
280,Eggs
280,Milk
280,Nappies
281,Baby Wipes
281,Cheese
281,Milk
281,Nappies
281,Tea
282,Coffee
282,Eggs
282,Sugar
283,Bananas
283,Milk
283,Sugar
283,Tea
284,Bananas
284,Bread
284,Butter
284,Coffee
284,Milk
284,Soft Drinks
284,Tea
285,Baby Wipes
285,Coffee
285,Pasta
285,Sugar
285,Tomato Sauce
286,Baby Wipes
286,Bread
286,Butter
286,Cheese
286,Nappies
286,Pasta
286,Tea
286,Tomato Sauce
287,Cheese
287,Eggs
287,Pasta
287,Tomato Sauce
288,Coffee
288,Crisps
288,Milk
288,Nappies
288,Soft Drinks
288,Sugar
288,Tea
289,Baby Wipes
289,Cheese
289,Eggs
290,Baby Wipes
290,Bananas
290,Bread
290,Cheese
290,Eggs
290,Milk
290,Nappies
290,Tea
291,Baby Wipes
291,Bananas
291,Eggs
291,Nappies
291,Tea
292,Bananas
292,Pasta
292,Soft Drinks
292,Tomato Sauce
293,Baby Wipes
293,Bananas
293,Cheese
293,Eggs
293,Milk
293,Tomato Sauce
294,Bread
294,Butter
294,Crisps
294,Milk
294,Pasta
294,Soft Drinks
294,Tea
294,Tomato Sauce
295,Crisps
295,Soft Drinks
295,Tea
296,Baby Wipes
296,Nappies
297,Bananas
297,Crisps
297,Pasta
297,Soft Drinks
297,Tomato Sauce
298,Bananas
298,Bread
298,Butter
298,Crisps
298,Milk
298,Pasta
298,Soft Drinks
298,Tea
298,Tomato Sauce
299,Baby Wipes
299,Pasta
300,Baby Wipes
300,Bananas
300,Crisps
300,Tea
301,Eggs
301,Milk
301,Tea
301,Tomato Sauce
302,Butter
302,Tomato Sauce
303,Baby Wipes
303,Butter
303,Coffee
303,Crisps
303,Milk
303,Pasta
303,Soft Drinks
303,Sugar
303,Tomato Sauce
304,Bananas
304,Cheese
304,Coffee
304,Milk
304,Pasta
304,Sugar
304,Tea
304,Tomato Sauce
305,Baby Wipes
305,Crisps
305,Soft Drinks
306,Baby Wipes
306,Bananas
306,Coffee
306,Crisps
306,Milk
306,Sugar
306,Tea
307,Baby Wipes
307,Coffee
307,Milk
307,Tea
308,Butter
308,Crisps
308,Soft Drinks
309,Bread
309,Butter
309,Cheese
309,Coffee
309,Crisps
309,Soft Drinks
309,Sugar
309,Tomato Sauce
310,Cheese
310,Eggs
310,Milk
310,Sugar
311,Bread
311,Butter
311,Cheese
312,Baby Wipes
312,Cheese
312,Crisps
312,Milk
312,Nappies
312,Soft Drinks
312,Tomato Sauce
313,Baby Wipes
313,Milk
313,Nappies
314,Bread
314,Butter
314,Eggs
315,Baby Wipes
315,Bananas
315,Cheese
315,Coffee
315,Eggs
315,Nappies
315,Soft Drinks
316,Baby Wipes
316,Bread
316,Butter
316,Crisps
316,Eggs
316,Milk
316,Nappies
316,Soft Drinks
316,Tea
317,Coffee
317,Crisps
317,Eggs
317,Milk
317,Soft Drinks
317,Sugar
318,Coffee
318,Crisps
318,Pasta
318,Tomato Sauce
319,Baby Wipes
319,Nappies
319,Tomato Sauce
320,Baby Wipes
320,Bananas
320,Butter
320,Cheese
320,Milk
320,Nappies
320,Soft Drinks
320,Tea
321,Crisps
321,Sugar
322,Bananas
322,Bread
322,Butter
322,Eggs
323,Butter
323,Cheese
323,Crisps
323,Milk
323,Tomato Sauce
324,Baby Wipes
324,Bread
324,Nappies
324,Soft Drinks
324,Tea
325,Bananas
325,Bread
325,Butter
325,Cheese
325,Soft Drinks
325,Sugar
326,Baby Wipes
326,Bananas
326,Cheese
326,Coffee
326,Pasta
326,Sugar
326,Tomato Sauce
327,Baby Wipes
327,Bread
327,Butter
327,Milk
327,Nappies
327,Sugar
328,Butter
328,Crisps
328,Eggs
328,Sugar
329,Bread
329,Pasta
329,Tomato Sauce
330,Bread
330,Butter
330,Coffee
330,Crisps
330,Milk
330,Soft Drinks
330,Sugar
330,Tea
331,Baby Wipes
331,Bread
331,Butter
331,Cheese
331,Crisps
331,Nappies
331,Soft Drinks
332,Bread
332,Butter
332,Eggs
333,Baby Wipes
333,Crisps
333,Eggs
333,Milk
333,Soft Drinks
334,Baby Wipes
334,Bananas
334,Coffee
334,Milk
334,Nappies
334,Pasta
334,Sugar
334,Tea
334,Tomato Sauce
335,Bananas
335,Cheese
335,Tea
336,Baby Wipes
336,Bread
336,Butter
336,Crisps
336,Soft Drinks
336,Sugar
336,Tomato Sauce
337,Bananas
337,Cheese
337,Crisps
338,Bread
338,Cheese
338,Coffee
338,Crisps
338,Pasta
338,Sugar
338,Tomato Sauce
339,Baby Wipes
339,Cheese
339,Crisps
339,Eggs
339,Nappies
339,Soft Drinks
340,Baby Wipes
340,Bananas
340,Coffee
340,Milk
340,Nappies
340,Tea
341,Baby Wipes
341,Bananas
341,Bread
341,Crisps
341,Pasta
341,Soft Drinks
341,Tomato Sauce
342,Bananas
342,Bread
342,Butter
342,Crisps
342,Soft Drinks
342,Sugar
342,Tomato Sauce
343,Cheese
343,Eggs
344,Bananas
344,Bread
344,Butter
344,Coffee
345,Baby Wipes
345,Bread
345,Coffee
345,Crisps
345,Nappies
345,Soft Drinks
345,Sugar
345,Tomato Sauce
346,Bread
346,Butter
346,Crisps
346,Soft Drinks
346,Sugar
347,Baby Wipes
347,Coffee
347,Nappies
347,Tea
348,Bread
348,Butter
348,Cheese
348,Eggs
348,Milk
348,Tea
349,Bananas
349,Bread
349,Butter
349,Cheese
349,Crisps
349,Milk
349,Pasta
349,Soft Drinks
349,Tea
349,Tomato Sauce
350,Baby Wipes
350,Bananas
350,Eggs
350,Milk
350,Tea
350,Tomato Sauce
351,Bread
351,Coffee
351,Milk
351,Sugar
351,Tomato Sauce
352,Coffee
352,Eggs
352,Pasta
352,Sugar
352,Tea
352,Tomato Sauce
353,Baby Wipes
353,Milk
353,Nappies
353,Pasta
353,Tea
353,Tomato Sauce
354,Baby Wipes
354,Nappies
354,Pasta
355,Butter
355,Coffee
355,Eggs
355,Sugar
356,Bread
356,Butter
356,Pasta
356,Tomato Sauce
357,Baby Wipes
357,Bananas
357,Soft Drinks
358,Crisps
358,Eggs
358,Pasta
358,Tomato Sauce
359,Crisps
359,Milk
360,Milk
360,Pasta
360,Sugar
360,Tea
360,Tomato Sauce
361,Baby Wipes
361,Cheese
361,Coffee
361,Nappies
361,Pasta
361,Tomato Sauce
362,Butter
362,Coffee
362,Crisps
362,Eggs
362,Soft Drinks
362,Sugar
362,Tea
363,Bananas
363,Bread
363,Butter
363,Coffee
363,Sugar
364,Bananas
364,Crisps
364,Milk
364,Pasta
364,Tea
364,Tomato Sauce
365,Baby Wipes
365,Crisps
365,Eggs
365,Nappies
365,Soft Drinks
365,Tea
366,Bread
366,Pasta
366,Tomato Sauce
367,Baby Wipes
367,Bananas
367,Bread
367,Nappies
367,Pasta
367,Tomato Sauce
368,Bananas
368,Bread
368,Butter
368,Pasta
369,Baby Wipes
369,Butter
369,Coffee
369,Crisps
369,Soft Drinks
369,Sugar
370,Bread
370,Butter
370,Crisps
370,Eggs
370,Soft Drinks
371,Baby Wipes
371,Coffee
371,Crisps
371,Milk
371,Pasta
371,Soft Drinks
371,Sugar
372,Bananas
372,Pasta
372,Tomato Sauce
373,Baby Wipes
373,Bananas
373,Cheese
373,Milk
373,Nappies
373,Pasta
373,Tomato Sauce
374,Bread
374,Butter
374,Cheese
374,Milk
374,Nappies
374,Tea
374,Tomato Sauce
375,Pasta
375,Sugar
375,Tomato Sauce
376,Baby Wipes
376,Butter
376,Cheese
376,Crisps
376,Nappies
376,Pasta
376,Soft Drinks
377,Baby Wipes
377,Crisps
377,Nappies
377,Soft Drinks
378,Bread
378,Butter
378,Cheese
378,Eggs
378,Soft Drinks
378,Tea
379,Baby Wipes
379,Butter
379,Milk
379,Nappies
379,Pasta
379,Soft Drinks
379,Tea
379,Tomato Sauce
380,Bananas
380,Bread
380,Cheese
380,Milk
380,Pasta
380,Sugar
381,Bananas
381,Eggs
381,Pasta
381,Tea
381,Tomato Sauce
382,Baby Wipes
382,Cheese
382,Milk
382,Pasta
382,Sugar
382,Tea
383,Baby Wipes
383,Bread
383,Coffee
383,Crisps
383,Nappies
383,Sugar
384,Bananas
384,Bread
384,Butter
384,Coffee
384,Eggs
384,Milk
384,Sugar
385,Milk
385,Pasta
386,Eggs
386,Milk
386,Nappies
386,Tea
387,Baby Wipes
387,Bananas
387,Bread
387,Butter
387,Nappies
387,Tomato Sauce
388,Bread
388,Butter
388,Tomato Sauce
389,Baby Wipes
389,Coffee
389,Eggs
389,Milk
389,Nappies
389,Pasta
389,Soft Drinks
389,Sugar
389,Tomato Sauce
390,Cheese
390,Crisps
390,Pasta
390,Tomato Sauce
391,Bread
391,Butter
391,Coffee
391,Eggs
391,Pasta
391,Tea
391,Tomato Sauce
392,Baby Wipes
392,Bread
392,Butter
392,Coffee
392,Nappies
392,Soft Drinks
393,Bread
393,Butter
393,Cheese
393,Milk
393,Nappies
394,Nappies
394,Sugar
395,Bread
395,Butter
395,Eggs
395,Tea
396,Bananas
396,Cheese
396,Crisps
396,Soft Drinks
396,Tomato Sauce
397,Eggs
397,Milk
397,Sugar
397,Tea
398,Bananas
398,Coffee
398,Milk
398,Nappies
398,Sugar
399,Baby Wipes
399,Bananas
399,Nappies
400,Cheese
400,Milk
400,Pasta
400,Sugar
400,Tomato Sauce
401,Milk
401,Tea
401,Tomato Sauce
402,Bread
402,Butter
402,Coffee
402,Crisps
402,Soft Drinks
403,Baby Wipes
403,Bananas
403,Cheese
403,Nappies
404,Bananas
404,Bread
405,Bananas
405,Pasta
405,Tomato Sauce
406,Bananas
406,Bread
406,Butter
406,Coffee
406,Pasta
406,Sugar
406,Tomato Sauce
407,Bread
407,Butter
408,Eggs
408,Tea
409,Baby Wipes
409,Butter
409,Nappies
409,Pasta
409,Soft Drinks
409,Sugar
409,Tomato Sauce
410,Baby Wipes
410,Eggs
410,Soft Drinks
411,Bread
411,Milk
412,Baby Wipes
412,Bananas
412,Bread
412,Butter
412,Coffee
412,Crisps
412,Nappies
412,Soft Drinks
412,Sugar
413,Bananas
413,Butter
413,Milk
413,Sugar
414,Coffee
414,Soft Drinks
414,Sugar
415,Bread
415,Butter
415,Coffee
416,Bread
416,Butter
416,Crisps
416,Pasta
416,Soft Drinks
416,Tomato Sauce
417,Crisps
417,Nappies
417,Pasta
417,Tomato Sauce
418,Crisps
418,Milk
418,Pasta
418,Tomato Sauce
419,Butter
419,Crisps
420,Coffee
420,Sugar
421,Baby Wipes
421,Bread
421,Butter
421,Cheese
421,Nappies
422,Cheese
422,Tomato Sauce
423,Milk
423,Pasta
423,Tomato Sauce
424,Butter
424,Eggs
424,Milk
424,Pasta
424,Sugar
424,Tomato Sauce
425,Bananas
425,Cheese
425,Coffee
425,Milk
425,Pasta
425,Sugar
425,Tea
425,Tomato Sauce
426,Cheese
426,Crisps
426,Milk
426,Pasta
426,Tea
426,Tomato Sauce
427,Bananas
427,Crisps
427,Milk
427,Soft Drinks
427,Tea
428,Bananas
428,Coffee
428,Nappies
428,Sugar
429,Bread
429,Cheese
429,Crisps
429,Milk
429,Soft Drinks
429,Tea
430,Baby Wipes
430,Bread
430,Crisps
430,Nappies
430,Pasta
430,Soft Drinks
430,Sugar
430,Tomato Sauce
431,Coffee
431,Crisps
431,Eggs
431,Milk
431,Soft Drinks
431,Sugar
431,Tea
431,Tomato Sauce
432,Baby Wipes
432,Butter
432,Cheese
432,Tomato Sauce
433,Baby Wipes
433,Bread
433,Crisps
433,Milk
433,Soft Drinks
433,Tea
434,Baby Wipes
434,Bread
434,Butter
434,Eggs
434,Nappies
434,Sugar
434,Tea
435,Eggs
435,Soft Drinks
436,Bananas
436,Butter
436,Coffee
436,Sugar
437,Bread
437,Butter
437,Milk
437,Pasta
437,Sugar
437,Tomato Sauce
438,Bread
438,Butter
438,Eggs
438,Pasta
438,Tomato Sauce
439,Baby Wipes
439,Coffee
439,Crisps
439,Eggs
439,Soft Drinks
439,Sugar
440,Baby Wipes
440,Bananas
440,Bread
440,Cheese
440,Crisps
440,Eggs
440,Nappies
440,Soft Drinks
441,Bread
441,Butter
441,Coffee
442,Bread
442,Butter
442,Crisps
442,Pasta
443,Baby Wipes
443,Bananas
443,Butter
443,Coffee
443,Eggs
443,Nappies
443,Sugar
443,Tea
444,Baby Wipes
444,Bread
444,Butter
444,Cheese
444,Coffee
444,Crisps
444,Soft Drinks
444,Sugar
445,Butter
445,Crisps
445,Milk
445,Nappies
445,Soft Drinks
446,Baby Wipes
446,Crisps
447,Baby Wipes
447,Cheese
447,Crisps
447,Nappies
447,Pasta
447,Tomato Sauce
448,Milk
448,Tea
449,Baby Wipes
449,Bananas
449,Bread
449,Butter
449,Cheese
449,Crisps
449,Soft Drinks
449,Tea
450,Bread
450,Butter
450,Cheese
450,Coffee
450,Pasta
450,Sugar
450,Tomato Sauce
451,Baby Wipes
451,Bananas
451,Coffee
451,Nappies
451,Soft Drinks
452,Baby Wipes
452,Butter
452,Cheese
452,Eggs
453,Nappies
453,Pasta
453,Soft Drinks
453,Tomato Sauce
454,Bread
454,Butter
454,Coffee
454,Eggs
454,Soft Drinks
454,Sugar
455,Bananas
455,Bread
455,Butter
455,Crisps
455,Milk
455,Soft Drinks
455,Tea
456,Cheese
456,Pasta
456,Tomato Sauce
457,Baby Wipes
457,Bananas
457,Crisps
457,Eggs
457,Nappies
457,Pasta
457,Tomato Sauce
458,Crisps
458,Eggs
458,Milk
458,Tea
459,Baby Wipes
459,Bread
459,Butter
459,Cheese
459,Nappies
459,Sugar
460,Baby Wipes
460,Cheese
460,Crisps
460,Eggs
460,Nappies
460,Tea
460,Tomato Sauce
461,Bread
461,Cheese
461,Coffee
462,Butter
462,Crisps
462,Milk
462,Pasta
462,Tea
463,Milk
463,Tea
463,Tomato Sauce
464,Baby Wipes
464,Butter
464,Tea
465,Bananas
465,Cheese
465,Crisps
465,Milk
465,Pasta
465,Soft Drinks
465,Tea
465,Tomato Sauce
466,Butter
466,Cheese
466,Eggs
467,Bananas
467,Bread
467,Butter
467,Coffee
467,Crisps
467,Soft Drinks
468,Crisps
468,Nappies
468,Soft Drinks
469,Baby Wipes
469,Bread
469,Butter
469,Cheese
469,Coffee
470,Eggs
470,Pasta
470,Soft Drinks
471,Baby Wipes
471,Butter
471,Cheese
471,Eggs
471,Nappies
472,Baby Wipes
472,Butter
472,Cheese
472,Nappies
472,Soft Drinks
472,Tea
473,Bananas
473,Bread
473,Butter
473,Coffee
473,Crisps
473,Soft Drinks
474,Baby Wipes
474,Milk
474,Nappies
474,Tea
475,Coffee
475,Milk
475,Pasta
475,Sugar
475,Tea
475,Tomato Sauce
476,Baby Wipes
476,Bananas
476,Cheese
476,Milk
476,Pasta
476,Tea
476,Tomato Sauce
477,Crisps
477,Eggs
477,Soft Drinks
478,Baby Wipes
478,Bananas
478,Coffee
478,Nappies
478,Tea
479,Soft Drinks
479,Sugar
479,Tomato Sauce
480,Baby Wipes
480,Coffee
480,Eggs
480,Milk
480,Soft Drinks
480,Sugar
481,Baby Wipes
481,Bananas
481,Eggs
481,Milk
481,Nappies
481,Pasta
481,Sugar
481,Tomato Sauce
482,Baby Wipes
482,Bread
482,Butter
482,Coffee
482,Crisps
482,Soft Drinks
482,Sugar
483,Bananas
483,Bread
483,Butter
483,Coffee
483,Pasta
483,Sugar
483,Tomato Sauce
484,Baby Wipes
484,Cheese
484,Nappies
485,Bread
485,Cheese
485,Coffee
485,Eggs
485,Pasta
485,Tomato Sauce
486,Crisps
486,Pasta
486,Soft Drinks
486,Tomato Sauce
487,Bananas
487,Cheese
487,Milk
487,Pasta
487,Tomato Sauce
488,Coffee
488,Pasta
488,Sugar
489,Coffee
489,Crisps
489,Eggs
489,Soft Drinks
489,Tea
490,Baby Wipes
490,Coffee
490,Nappies
490,Pasta
490,Sugar
490,Tea
490,Tomato Sauce
491,Baby Wipes
491,Tea
491,Tomato Sauce
492,Baby Wipes
492,Bread
492,Milk
492,Nappies
492,Tea
492,Tomato Sauce
493,Bananas
493,Bread
493,Coffee
493,Eggs
493,Soft Drinks
494,Baby Wipes
494,Butter
494,Cheese
494,Crisps
494,Eggs
494,Nappies
494,Pasta
494,Tomato Sauce
495,Baby Wipes
495,Cheese
495,Crisps
495,Milk
495,Tea
496,Eggs
496,Sugar
497,Baby Wipes
497,Coffee
497,Eggs
497,Milk
497,Nappies
497,Pasta
497,Tomato Sauce
498,Baby Wipes
498,Bread
498,Butter
498,Cheese
498,Coffee
498,Crisps
498,Nappies
498,Soft Drinks
499,Baby Wipes
499,Bread
499,Butter
499,Coffee
499,Crisps
499,Milk
499,Nappies
499,Soft Drinks
499,Sugar
500,Crisps
500,Eggs
500,Soft Drinks
501,Baby Wipes
501,Bananas
501,Bread
501,Eggs
502,Baby Wipes
502,Bread
502,Butter
502,Crisps
502,Nappies
502,Soft Drinks
502,Sugar
503,Butter
503,Cheese
503,Sugar
503,Tea
503,Tomato Sauce
504,Cheese
504,Eggs
504,Pasta
504,Soft Drinks
504,Sugar
504,Tomato Sauce
505,Cheese
505,Coffee
505,Crisps
505,Eggs
505,Milk
505,Soft Drinks
505,Sugar
505,Tea
506,Bananas
506,Butter
506,Crisps
506,Soft Drinks
506,Sugar
507,Bananas
507,Eggs
507,Nappies
507,Tea
508,Butter
508,Nappies
508,Soft Drinks
509,Butter
509,Coffee
509,Crisps
509,Pasta
509,Tomato Sauce
510,Crisps
510,Milk
510,Soft Drinks
510,Sugar
511,Baby Wipes
511,Bread
511,Butter
511,Coffee
511,Milk
511,Nappies
511,Sugar
512,Baby Wipes
512,Crisps
512,Nappies
512,Soft Drinks
513,Crisps
513,Pasta
513,Soft Drinks
513,Sugar
514,Bananas
514,Bread
514,Butter
514,Milk
515,Baby Wipes
515,Bananas
515,Cheese
515,Crisps
515,Milk
515,Sugar
516,Coffee
516,Eggs
517,Bananas
517,Milk
518,Butter
518,Cheese
518,Coffee
518,Milk
518,Sugar
518,Tea
519,Crisps
519,Milk
519,Nappies
520,Bread
520,Butter
520,Milk
520,Sugar
521,Baby Wipes
521,Cheese
521,Coffee
521,Milk
521,Nappies
521,Sugar
521,Tea
521,Tomato Sauce
522,Baby Wipes
522,Bananas
522,Crisps
522,Milk
522,Nappies
522,Sugar
522,Tea
522,Tomato Sauce
523,Coffee
523,Milk
523,Sugar
523,Tea
524,Baby Wipes
524,Bananas
524,Crisps
524,Milk
524,Nappies
524,Pasta
524,Soft Drinks
524,Tomato Sauce
525,Butter
525,Cheese
525,Crisps
525,Milk
525,Pasta
525,Sugar
525,Tea
525,Tomato Sauce
526,Baby Wipes
526,Bread
526,Butter
526,Cheese
526,Crisps
526,Pasta
526,Tomato Sauce
527,Baby Wipes
527,Milk
527,Soft Drinks
528,Baby Wipes
528,Cheese
528,Crisps
528,Milk
528,Nappies
528,Pasta
528,Soft Drinks
529,Butter
529,Eggs
530,Baby Wipes
530,Butter
530,Cheese
530,Crisps
530,Soft Drinks
530,Tea
531,Baby Wipes
531,Bread
531,Butter
531,Coffee
531,Nappies
532,Bread
532,Butter
532,Milk
532,Soft Drinks
532,Tea
533,Baby Wipes
533,Crisps
533,Pasta
533,Soft Drinks
534,Bread
534,Butter
534,Crisps
534,Eggs
534,Tomato Sauce
535,Cheese
535,Pasta
535,Tomato Sauce
536,Cheese
536,Eggs
536,Pasta
536,Tomato Sauce
537,Crisps
537,Milk
537,Pasta
537,Soft Drinks
538,Baby Wipes
538,Bananas
538,Crisps
538,Milk
538,Nappies
538,Pasta
538,Soft Drinks
538,Tomato Sauce
539,Bananas
539,Butter
539,Coffee
539,Pasta
539,Sugar
540,Butter
540,Cheese
540,Coffee
540,Milk
540,Soft Drinks
540,Sugar
540,Tea
541,Baby Wipes
541,Butter
541,Coffee
541,Tea
542,Bread
542,Butter
542,Milk
542,Pasta
542,Tomato Sauce
543,Butter
543,Eggs
543,Tomato Sauce
544,Baby Wipes
544,Bananas
544,Coffee
544,Soft Drinks
544,Sugar
545,Milk
545,Pasta
545,Tea
546,Coffee
546,Sugar
547,Bread
547,Crisps
548,Baby Wipes
548,Butter
548,Crisps
548,Nappies
548,Pasta
548,Soft Drinks
548,Sugar
548,Tomato Sauce
549,Baby Wipes
549,Nappies
549,Soft Drinks
550,Baby Wipes
550,Milk
550,Nappies
550,Tea
551,Coffee
551,Crisps
551,Pasta
551,Soft Drinks
551,Sugar
552,Baby Wipes
552,Crisps
552,Eggs
552,Milk
552,Pasta
552,Soft Drinks
552,Sugar
553,Bananas
553,Eggs
553,Soft Drinks
553,Sugar
554,Baby Wipes
554,Bread
554,Butter
554,Cheese
554,Coffee
554,Crisps
554,Soft Drinks
554,Sugar
555,Baby Wipes
555,Bread
555,Butter
555,Coffee
555,Milk
555,Nappies
555,Soft Drinks
555,Sugar
556,Bread
556,Butter
556,Eggs
556,Nappies
556,Sugar
556,Tea
557,Baby Wipes
557,Bread
557,Butter
557,Crisps
557,Nappies
558,Cheese
558,Nappies
558,Pasta
559,Baby Wipes
559,Bread
559,Butter
559,Nappies
559,Sugar
559,Tea
560,Cheese
560,Crisps
560,Milk
560,Nappies
560,Tea
561,Baby Wipes
561,Bread
561,Crisps
561,Soft Drinks
561,Sugar
561,Tomato Sauce
562,Baby Wipes
562,Bread
562,Butter
562,Cheese
562,Nappies
562,Pasta
562,Sugar
562,Tomato Sauce
563,Butter
563,Crisps
563,Eggs
563,Pasta
563,Soft Drinks
563,Tomato Sauce
564,Baby Wipes
564,Butter
564,Crisps
564,Eggs
564,Pasta
564,Sugar
565,Baby Wipes
565,Coffee
566,Cheese
566,Crisps
567,Eggs
567,Milk
568,Baby Wipes
568,Cheese
568,Crisps
568,Eggs
568,Nappies
568,Pasta
568,Soft Drinks
568,Tomato Sauce
569,Baby Wipes
569,Butter
569,Pasta
569,Sugar
569,Tomato Sauce
570,Bread
570,Butter
570,Cheese
570,Pasta
570,Tomato Sauce
571,Bananas
571,Cheese
571,Nappies
571,Pasta
571,Soft Drinks
572,Bread
572,Cheese
572,Nappies
572,Pasta
572,Tea
572,Tomato Sauce
573,Baby Wipes
573,Bread
573,Butter
573,Crisps
573,Nappies
573,Pasta
573,Tea
573,Tomato Sauce
574,Coffee
574,Crisps
574,Pasta
574,Soft Drinks
574,Sugar
575,Bread
575,Butter
575,Sugar
576,Baby Wipes
576,Bread
576,Butter
576,Milk
576,Nappies
576,Tomato Sauce
577,Milk
577,Soft Drinks
577,Tea
578,Baby Wipes
578,Nappies
578,Tomato Sauce
579,Baby Wipes
579,Bananas
579,Butter
579,Milk
579,Nappies
579,Soft Drinks
580,Bananas
580,Butter
580,Nappies
580,Pasta
580,Tea
580,Tomato Sauce
581,Baby Wipes
581,Butter
581,Coffee
581,Crisps
581,Nappies
581,Pasta
581,Soft Drinks
581,Sugar
581,Tomato Sauce
582,Baby Wipes
582,Crisps
582,Milk
582,Nappies
582,Soft Drinks
582,Tea
583,Nappies
583,Pasta
583,Tomato Sauce
584,Butter
584,Milk
584,Sugar
584,Tea
585,Baby Wipes
585,Bananas
585,Nappies
586,Baby Wipes
586,Bananas
586,Coffee
586,Crisps
586,Eggs
586,Nappies
586,Sugar
587,Baby Wipes
587,Butter
587,Milk
587,Nappies
587,Sugar
588,Baby Wipes
588,Bread
588,Butter
588,Cheese
588,Crisps
588,Nappies
588,Soft Drinks
588,Sugar
589,Baby Wipes
589,Cheese
589,Nappies
590,Bananas
590,Bread
590,Butter
590,Crisps
590,Milk
590,Soft Drinks
591,Bread
591,Butter
591,Cheese
591,Crisps
591,Sugar
591,Tomato Sauce
592,Cheese
592,Milk
592,Tea
593,Baby Wipes
593,Bananas
593,Butter
593,Cheese
593,Milk
593,Nappies
593,Pasta
593,Tea
594,Bananas
594,Bread
594,Butter
594,Coffee
595,Baby Wipes
595,Bread
595,Milk
595,Pasta
595,Soft Drinks
595,Tomato Sauce
596,Baby Wipes
596,Bread
596,Butter
596,Eggs
596,Nappies
596,Pasta
596,Sugar
596,Tomato Sauce
597,Cheese
597,Coffee
597,Milk
597,Pasta
597,Sugar
597,Tea
597,Tomato Sauce
598,Baby Wipes
598,Crisps
598,Nappies
598,Soft Drinks
599,Eggs
599,Milk
599,Pasta
599,Soft Drinks
599,Sugar
599,Tea
599,Tomato Sauce
600,Bananas
600,Milk
600,Soft Drinks
600,Tea
601,Baby Wipes
601,Bread
601,Butter
601,Coffee
601,Milk
601,Nappies
601,Sugar
601,Tea
601,Tomato Sauce
602,Baby Wipes
602,Bananas
602,Butter
602,Coffee
602,Sugar
602,Tomato Sauce
603,Bananas
603,Coffee
603,Crisps
603,Milk
603,Sugar
603,Tea
603,Tomato Sauce
604,Butter
604,Eggs
605,Cheese
605,Coffee
605,Milk
605,Soft Drinks
605,Sugar
606,Bread
606,Butter
606,Milk
606,Pasta
606,Tomato Sauce
607,Baby Wipes
607,Butter
607,Cheese
607,Crisps
607,Milk
607,Pasta
607,Soft Drinks
607,Tomato Sauce
608,Baby Wipes
608,Bananas
608,Butter
608,Coffee
608,Crisps
608,Sugar
609,Cheese
609,Crisps
609,Sugar
609,Tea
610,Baby Wipes
610,Bread
610,Butter
610,Crisps
610,Eggs
610,Pasta
610,Soft Drinks
611,Bananas
611,Bread
611,Butter
611,Cheese
611,Sugar
612,Baby Wipes
612,Nappies
612,Soft Drinks
612,Tea
613,Bread
613,Coffee
613,Crisps
613,Milk
613,Pasta
613,Soft Drinks
613,Sugar
613,Tea
613,Tomato Sauce
614,Cheese
614,Tomato Sauce
615,Butter
615,Sugar
615,Tea
616,Baby Wipes
616,Cheese
616,Pasta
616,Soft Drinks
616,Tomato Sauce
617,Baby Wipes
617,Crisps
617,Milk
617,Nappies
617,Sugar
618,Bananas
618,Eggs
619,Bananas
619,Coffee
619,Eggs
619,Sugar
620,Baby Wipes
620,Bananas
620,Crisps
620,Milk
620,Nappies
620,Pasta
620,Tomato Sauce
621,Baby Wipes
621,Coffee
621,Crisps
621,Milk
621,Sugar
621,Tea
622,Bananas
622,Bread
622,Milk
622,Tea
623,Bananas
623,Sugar
623,Tea
624,Bread
624,Butter
624,Coffee
624,Crisps
624,Soft Drinks
624,Sugar
625,Baby Wipes
625,Coffee
625,Eggs
625,Nappies
625,Soft Drinks
625,Sugar
625,Tomato Sauce
626,Baby Wipes
626,Cheese
626,Coffee
626,Crisps
626,Milk
626,Soft Drinks
626,Sugar
627,Coffee
627,Tea
628,Butter
628,Cheese
628,Nappies
629,Bananas
629,Butter
629,Cheese
629,Coffee
629,Sugar
630,Bread
630,Butter
630,Crisps
630,Milk
630,Pasta
630,Soft Drinks
630,Tea
630,Tomato Sauce
631,Baby Wipes
631,Eggs
631,Nappies
631,Pasta
631,Tomato Sauce
632,Baby Wipes
632,Crisps
632,Soft Drinks
633,Coffee
633,Sugar
633,Tomato Sauce
634,Baby Wipes
634,Butter
634,Coffee
634,Sugar
635,Bananas
635,Butter
635,Crisps
635,Eggs
635,Pasta
635,Soft Drinks
635,Sugar
636,Baby Wipes
636,Bananas
636,Crisps
636,Nappies
636,Pasta
636,Tomato Sauce
637,Crisps
637,Nappies
637,Pasta
637,Soft Drinks
637,Tomato Sauce
638,Baby Wipes
638,Bread
638,Butter
638,Coffee
638,Milk
638,Nappies
638,Sugar
638,Tea
639,Baby Wipes
639,Bananas
639,Tomato Sauce
640,Bananas
640,Coffee
640,Milk
640,Pasta
640,Tea
640,Tomato Sauce
641,Milk
641,Nappies
642,Baby Wipes
642,Bananas
642,Bread
642,Butter
642,Cheese
642,Crisps
642,Soft Drinks
642,Tea
643,Baby Wipes
643,Butter
643,Cheese
643,Coffee
643,Nappies
643,Pasta
643,Sugar
644,Baby Wipes
644,Bananas
644,Coffee
644,Eggs
644,Nappies
644,Sugar
644,Tomato Sauce
645,Butter
645,Cheese
645,Crisps
645,Milk
646,Baby Wipes
646,Milk
646,Pasta
646,Tomato Sauce
647,Baby Wipes
647,Milk
647,Tomato Sauce
648,Baby Wipes
648,Bread
648,Butter
648,Coffee
648,Milk
648,Soft Drinks
648,Sugar
648,Tomato Sauce
649,Bread
649,Butter
649,Cheese
649,Crisps
649,Milk
649,Nappies
649,Tomato Sauce
650,Bread
650,Butter
650,Cheese
650,Coffee
650,Milk
650,Nappies
650,Sugar
651,Bananas
651,Bread
651,Butter
651,Crisps
651,Milk
651,Tea
652,Baby Wipes
652,Bread
652,Pasta
653,Baby Wipes
653,Bananas
653,Bread
653,Eggs
653,Nappies
653,Pasta
653,Sugar
653,Tomato Sauce
654,Baby Wipes
654,Butter
654,Pasta
654,Tea
654,Tomato Sauce
655,Butter
655,Cheese
655,Coffee
655,Nappies
655,Soft Drinks
655,Tea
656,Cheese
656,Eggs
657,Bananas
657,Cheese
658,Milk
658,Nappies
659,Bananas
659,Cheese
659,Coffee
659,Crisps
659,Sugar
660,Butter
660,Cheese
660,Coffee
660,Eggs
660,Pasta
660,Sugar
660,Tea
660,Tomato Sauce
661,Cheese
661,Sugar
662,Baby Wipes
662,Bread
662,Butter
662,Nappies
663,Baby Wipes
663,Nappies
663,Pasta
663,Tomato Sauce
664,Baby Wipes
664,Bananas
664,Bread
664,Coffee
664,Crisps
664,Nappies
664,Sugar
665,Baby Wipes
665,Bananas
665,Cheese
665,Crisps
665,Nappies
665,Soft Drinks
665,Tea
666,Pasta
666,Sugar
666,Tomato Sauce
667,Baby Wipes
667,Cheese
667,Crisps
668,Bananas
668,Butter
668,Milk
669,Cheese
669,Coffee
669,Nappies
669,Pasta
669,Tomato Sauce
670,Coffee
670,Crisps
670,Soft Drinks
670,Sugar
671,Baby Wipes
671,Bananas
671,Bread
671,Butter
671,Cheese
671,Milk
671,Tea
672,Baby Wipes
672,Bananas
672,Cheese
672,Eggs
672,Nappies
673,Baby Wipes
673,Coffee
673,Eggs
673,Milk
673,Nappies
673,Sugar
673,Tea
674,Pasta
674,Tea
675,Bread
675,Butter
675,Pasta
675,Sugar
675,Tea
675,Tomato Sauce
676,Butter
676,Nappies
677,Butter
677,Eggs
677,Milk
677,Soft Drinks
677,Tea
677,Tomato Sauce
678,Baby Wipes
678,Butter
678,Coffee
678,Nappies
678,Sugar
678,Tea
678,Tomato Sauce
679,Baby Wipes
679,Bread
679,Butter
679,Tomato Sauce
680,Baby Wipes
680,Cheese
680,Milk
680,Nappies
680,Pasta
680,Soft Drinks
680,Tomato Sauce
681,Bananas
681,Pasta
682,Eggs
682,Soft Drinks
683,Baby Wipes
683,Crisps
683,Eggs
683,Nappies
684,Bananas
684,Bread
684,Butter
684,Coffee
684,Eggs
685,Baby Wipes
685,Crisps
685,Nappies
686,Bananas
686,Coffee
686,Soft Drinks
686,Sugar
686,Tea
687,Coffee
687,Crisps
687,Soft Drinks
687,Tea
687,Tomato Sauce
688,Baby Wipes
688,Butter
688,Nappies
688,Tomato Sauce
689,Baby Wipes
689,Bananas
689,Bread
689,Butter
689,Coffee
689,Nappies
689,Sugar
690,Butter
690,Coffee
690,Sugar
691,Soft Drinks
691,Sugar
692,Bananas
692,Bread
692,Butter
692,Eggs
692,Tea
693,Cheese
693,Crisps
693,Soft Drinks
693,Sugar
694,Baby Wipes
694,Nappies
694,Sugar
695,Baby Wipes
695,Coffee
695,Nappies
696,Bananas
696,Crisps
696,Eggs
696,Soft Drinks
696,Tea
697,Baby Wipes
697,Crisps
697,Nappies
697,Soft Drinks
698,Baby Wipes
698,Bananas
698,Milk
698,Nappies
698,Tea
698,Tomato Sauce
699,Coffee
699,Crisps
699,Eggs
700,Bread
700,Butter
700,Coffee
700,Eggs
700,Milk
700,Pasta
700,Sugar
701,Bananas
701,Crisps
701,Pasta
702,Bananas
702,Eggs
703,Baby Wipes
703,Bananas
703,Crisps
703,Eggs
703,Nappies
703,Pasta
704,Baby Wipes
704,Cheese
704,Nappies
704,Pasta
704,Sugar
704,Tea
704,Tomato Sauce
705,Crisps
705,Nappies
705,Soft Drinks
706,Bananas
706,Cheese
706,Pasta
706,Tomato Sauce
707,Bananas
707,Coffee
707,Nappies
707,Tea
708,Baby Wipes
708,Butter
708,Coffee
708,Crisps
708,Nappies
708,Soft Drinks
708,Sugar
709,Bananas
709,Cheese
709,Crisps
709,Tea
710,Butter
710,Tomato Sauce
711,Bananas
711,Eggs
712,Baby Wipes
712,Bread
712,Butter
712,Nappies
712,Tomato Sauce
713,Baby Wipes
713,Bananas
713,Cheese
713,Coffee
713,Milk
713,Nappies
713,Sugar
714,Bananas
714,Coffee
714,Crisps
714,Milk
714,Soft Drinks
714,Sugar
715,Bananas
715,Coffee
715,Eggs
715,Sugar
716,Crisps
716,Pasta
716,Soft Drinks
717,Baby Wipes
717,Bananas
717,Bread
717,Eggs
717,Nappies
717,Pasta
717,Tomato Sauce
718,Bananas
718,Soft Drinks
718,Sugar
718,Tea
719,Bananas
719,Bread
719,Pasta
719,Tomato Sauce
720,Baby Wipes
720,Butter
720,Coffee
720,Nappies
720,Tomato Sauce
721,Baby Wipes
721,Cheese
721,Eggs
721,Pasta
721,Tomato Sauce
722,Eggs
722,Soft Drinks
723,Butter
723,Coffee
723,Eggs
723,Pasta
723,Soft Drinks
723,Tomato Sauce
724,Coffee
724,Milk
724,Sugar
724,Tea
725,Baby Wipes
725,Butter
725,Eggs
725,Nappies
726,Bread
726,Butter
726,Crisps
726,Nappies
726,Soft Drinks
726,Tomato Sauce
727,Coffee
727,Milk
728,Baby Wipes
728,Bananas
728,Bread
728,Cheese
728,Nappies
728,Pasta
728,Tea
728,Tomato Sauce
729,Baby Wipes
729,Bread
729,Butter
729,Crisps
729,Eggs
729,Milk
729,Nappies
729,Soft Drinks
729,Tea
730,Bananas
730,Tea
730,Tomato Sauce
731,Cheese
731,Coffee
731,Milk
731,Pasta
731,Sugar
731,Tomato Sauce
732,Butter
732,Crisps
732,Eggs
732,Milk
732,Sugar
732,Tomato Sauce
733,Baby Wipes
733,Cheese
733,Eggs
733,Nappies
734,Bananas
734,Milk
734,Pasta
735,Baby Wipes
735,Bananas
735,Coffee
735,Crisps
735,Nappies
735,Pasta
735,Tomato Sauce
736,Eggs
736,Milk
736,Sugar
737,Baby Wipes
737,Bread
737,Butter
737,Milk
737,Nappies
737,Pasta
737,Soft Drinks
737,Tomato Sauce
738,Butter
738,Coffee
738,Sugar
739,Bananas
739,Sugar
740,Bread
740,Butter
740,Cheese
740,Crisps
740,Soft Drinks
740,Tomato Sauce
741,Bread
741,Butter
741,Cheese
741,Coffee
741,Crisps
741,Eggs
741,Milk
741,Soft Drinks
741,Tea
742,Butter
742,Cheese
742,Coffee
742,Sugar
743,Baby Wipes
743,Cheese
743,Eggs
743,Milk
743,Nappies
743,Pasta
743,Tea
744,Baby Wipes
744,Bananas
744,Crisps
744,Milk
744,Pasta
744,Soft Drinks
744,Tea
744,Tomato Sauce
745,Butter
745,Milk
745,Tea
746,Butter
746,Coffee
746,Crisps
746,Soft Drinks
747,Eggs
747,Pasta
748,Butter
748,Tea
749,Baby Wipes
749,Nappies
749,Sugar
749,Tea
750,Coffee
750,Eggs
751,Bread
751,Butter
751,Coffee
751,Eggs
751,Milk
751,Sugar
751,Tea
752,Bananas
752,Tomato Sauce
753,Bananas
753,Cheese
753,Eggs
753,Nappies
754,Butter
754,Crisps
754,Soft Drinks
754,Sugar
755,Baby Wipes
755,Bananas
755,Bread
755,Nappies
756,Bread
756,Butter
756,Tomato Sauce
757,Cheese
757,Eggs
757,Soft Drinks
757,Sugar
757,Tea
758,Butter
758,Cheese
758,Crisps
759,Crisps
759,Pasta
759,Soft Drinks
760,Baby Wipes
760,Milk
760,Nappies
760,Pasta
760,Tea
760,Tomato Sauce
761,Cheese
761,Crisps
762,Baby Wipes
762,Cheese
762,Coffee
762,Crisps
762,Pasta
762,Soft Drinks
763,Baby Wipes
763,Bread
763,Butter
763,Coffee
763,Nappies
763,Sugar
764,Bread
764,Butter
764,Soft Drinks
765,Baby Wipes
765,Coffee
765,Crisps
765,Nappies
765,Pasta
765,Tomato Sauce
766,Baby Wipes
766,Crisps
766,Nappies
766,Pasta
766,Soft Drinks
766,Tea
766,Tomato Sauce
767,Baby Wipes
767,Bread
767,Butter
767,Nappies
768,Bananas
768,Bread
768,Butter
768,Crisps
768,Eggs
768,Soft Drinks
769,Butter
769,Coffee
769,Nappies
769,Pasta
769,Tea
769,Tomato Sauce
770,Baby Wipes
770,Bread
770,Coffee
770,Nappies
771,Bread
771,Eggs
771,Sugar
771,Tomato Sauce
772,Coffee
772,Sugar
773,Eggs
773,Pasta
773,Tomato Sauce
774,Baby Wipes
774,Butter
774,Coffee
774,Crisps
774,Eggs
774,Sugar
775,Baby Wipes
775,Bananas
775,Bread
775,Butter
775,Cheese
775,Nappies
775,Sugar
776,Bananas
776,Butter
776,Cheese
776,Eggs
776,Milk
776,Tea
777,Baby Wipes
777,Coffee
777,Crisps
777,Nappies
777,Sugar
777,Tea
777,Tomato Sauce
778,Bread
778,Butter
778,Cheese
778,Eggs
778,Pasta
779,Bread
779,Butter
779,Coffee
779,Milk
780,Baby Wipes
780,Bread
780,Coffee
780,Crisps
780,Milk
780,Nappies
780,Sugar
780,Tea
781,Milk
781,Nappies
782,Baby Wipes
782,Bananas
782,Bread
782,Butter
782,Nappies
783,Bananas
783,Cheese
783,Pasta
783,Tea
783,Tomato Sauce
784,Baby Wipes
784,Bananas
784,Coffee
784,Milk
784,Nappies
785,Baby Wipes
785,Butter
785,Milk
785,Tea
786,Baby Wipes
786,Bread
786,Butter
786,Cheese
786,Nappies
786,Sugar
786,Tomato Sauce
787,Milk
787,Sugar
787,Tea
788,Bananas
788,Butter
788,Coffee
788,Milk
788,Tea
789,Bread
789,Butter
789,Eggs
790,Cheese
790,Coffee
790,Crisps
791,Cheese
791,Coffee
791,Eggs
791,Milk
791,Soft Drinks
791,Sugar
792,Butter
792,Coffee
792,Eggs
792,Soft Drinks
792,Tomato Sauce
793,Butter
793,Eggs
794,Baby Wipes
794,Pasta
794,Sugar
794,Tomato Sauce
795,Crisps
795,Pasta
795,Tomato Sauce
796,Cheese
796,Coffee
796,Sugar
796,Tea
796,Tomato Sauce
797,Crisps
797,Sugar
798,Bananas
798,Eggs
798,Nappies
799,Milk
799,Pasta
799,Tomato Sauce
800,Bread
800,Butter
800,Crisps
801,Bread
801,Eggs
801,Milk
801,Tea
802,Cheese
802,Milk
803,Baby Wipes
803,Bananas
803,Bread
803,Butter
803,Nappies
804,Baby Wipes
804,Bananas
804,Butter
804,Eggs
804,Pasta
804,Sugar
804,Tomato Sauce
805,Crisps
805,Eggs
805,Milk
805,Tea
806,Baby Wipes
806,Cheese
806,Eggs
806,Pasta
806,Tomato Sauce
807,Milk
807,Pasta
807,Tea
807,Tomato Sauce
808,Baby Wipes
808,Butter
808,Milk
808,Nappies
808,Tomato Sauce
809,Baby Wipes
809,Coffee
809,Nappies
809,Sugar
810,Bananas
810,Bread
810,Butter
810,Coffee
810,Crisps
810,Milk
810,Tea
811,Bananas
811,Cheese
812,Bananas
812,Pasta
812,Tomato Sauce
813,Bread
813,Butter
813,Cheese
813,Crisps
813,Milk
813,Tea
814,Baby Wipes
814,Nappies
814,Soft Drinks
814,Sugar
814,Tea
815,Baby Wipes
815,Coffee
815,Crisps
815,Soft Drinks
815,Sugar
816,Bread
816,Cheese
816,Coffee
816,Pasta
817,Cheese
817,Milk
817,Nappies
817,Sugar
817,Tea
817,Tomato Sauce
818,Cheese
818,Crisps
818,Eggs
818,Soft Drinks
819,Baby Wipes
819,Milk
819,Tea
820,Baby Wipes
820,Bananas
820,Bread
820,Coffee
820,Crisps
820,Nappies
820,Soft Drinks
820,Sugar
821,Baby Wipes
821,Cheese
821,Crisps
821,Pasta
821,Soft Drinks
821,Tomato Sauce
822,Baby Wipes
822,Crisps
822,Nappies
822,Soft Drinks
823,Bananas
823,Bread
823,Crisps
823,Soft Drinks
824,Bread
824,Butter
824,Soft Drinks
825,Baby Wipes
825,Bread
825,Butter
825,Pasta
825,Soft Drinks
825,Sugar
825,Tomato Sauce
826,Cheese
826,Eggs
826,Pasta
826,Tomato Sauce
827,Crisps
827,Sugar
828,Baby Wipes
828,Coffee
828,Tomato Sauce
829,Bread
829,Cheese
829,Milk
829,Sugar
829,Tea
829,Tomato Sauce
830,Coffee
830,Crisps
830,Milk
830,Soft Drinks
830,Sugar
830,Tea
831,Bread
831,Butter
831,Crisps
831,Soft Drinks
832,Bread
832,Butter
832,Crisps
832,Eggs
832,Sugar
833,Bread
833,Butter
833,Crisps
833,Milk
833,Soft Drinks
834,Bananas
834,Eggs
834,Sugar
835,Baby Wipes
835,Bread
835,Butter
835,Cheese
835,Milk
835,Nappies
835,Pasta
836,Baby Wipes
836,Bananas
836,Cheese
836,Milk
836,Nappies
836,Sugar
836,Tomato Sauce
837,Bread
837,Butter
837,Cheese
837,Milk
837,Pasta
837,Tea
837,Tomato Sauce
838,Baby Wipes
838,Bananas
838,Bread
838,Butter
838,Milk
838,Nappies
838,Soft Drinks
838,Tea
839,Bananas
839,Eggs
839,Milk
839,Nappies
839,Pasta
839,Tomato Sauce
840,Coffee
840,Crisps
840,Milk
840,Pasta
840,Sugar
840,Tea
840,Tomato Sauce
841,Baby Wipes
841,Cheese
842,Bread
842,Coffee
842,Eggs
842,Milk
842,Pasta
842,Sugar
843,Baby Wipes
843,Cheese
843,Crisps
843,Eggs
843,Nappies
843,Pasta
843,Tomato Sauce
844,Baby Wipes
844,Coffee
844,Milk
844,Nappies
844,Sugar
845,Crisps
845,Sugar
846,Baby Wipes
846,Bread
846,Butter
846,Crisps
846,Eggs
846,Nappies
846,Pasta
846,Tomato Sauce
847,Bananas
847,Bread
847,Butter
847,Eggs
847,Milk
847,Tea
847,Tomato Sauce
848,Bread
848,Butter
848,Coffee
848,Pasta
848,Sugar
849,Baby Wipes
849,Crisps
849,Eggs
849,Milk
849,Nappies
849,Pasta
849,Soft Drinks
850,Baby Wipes
850,Crisps
850,Nappies
850,Soft Drinks
851,Baby Wipes
851,Bananas
851,Bread
851,Butter
851,Milk
851,Nappies
851,Tea
852,Butter
852,Pasta
852,Sugar
852,Tomato Sauce
853,Eggs
853,Pasta
853,Tomato Sauce
854,Baby Wipes
854,Bananas
854,Butter
854,Eggs
855,Baby Wipes
855,Coffee
855,Crisps
855,Milk
855,Nappies
855,Pasta
855,Sugar
855,Tea
855,Tomato Sauce
856,Baby Wipes
856,Sugar
857,Butter
857,Eggs
857,Milk
857,Nappies
858,Bananas
858,Tomato Sauce
859,Bread
859,Coffee
859,Crisps
859,Milk
859,Pasta
859,Sugar
859,Tomato Sauce
860,Eggs
860,Milk
860,Tea
861,Butter
861,Coffee
861,Crisps
861,Milk
861,Soft Drinks
861,Sugar
861,Tea
862,Baby Wipes
862,Bread
862,Butter
862,Crisps
862,Nappies
862,Soft Drinks
862,Tea
863,Crisps
863,Nappies
863,Pasta
863,Soft Drinks
863,Sugar
863,Tea
863,Tomato Sauce
864,Bananas
864,Bread
864,Milk
864,Tea
865,Cheese
865,Tea
866,Bread
866,Crisps
866,Pasta
866,Soft Drinks
866,Tomato Sauce
867,Butter
867,Coffee
867,Eggs
867,Nappies
867,Sugar
868,Nappies
868,Soft Drinks
869,Crisps
869,Soft Drinks
870,Eggs
870,Milk
871,Baby Wipes
871,Coffee
871,Crisps
871,Eggs
871,Soft Drinks
871,Sugar
871,Tea
872,Cheese
872,Crisps
872,Milk
872,Pasta
872,Soft Drinks
872,Tea
872,Tomato Sauce
873,Baby Wipes
873,Coffee
873,Nappies
873,Sugar
874,Bananas
874,Cheese
874,Crisps
874,Soft Drinks
874,Tea
875,Bread
875,Butter
875,Cheese
876,Baby Wipes
876,Bananas
876,Pasta
876,Soft Drinks
876,Tomato Sauce
877,Bread
877,Butter
877,Cheese
878,Butter
878,Crisps
879,Coffee
879,Soft Drinks
879,Tea
880,Baby Wipes
880,Bread
880,Butter
880,Milk
880,Nappies
880,Pasta
880,Sugar
880,Tomato Sauce
881,Baby Wipes
881,Bananas
881,Bread
881,Butter
881,Milk
881,Nappies
881,Tea
882,Baby Wipes
882,Bread
882,Crisps
882,Pasta
882,Sugar
882,Tomato Sauce
883,Baby Wipes
883,Eggs
883,Tea
883,Tomato Sauce
884,Bread
884,Crisps
884,Sugar
885,Baby Wipes
885,Bread
885,Butter
885,Coffee
885,Nappies
885,Sugar
886,Baby Wipes
886,Bread
886,Cheese
886,Coffee
886,Eggs
886,Sugar
887,Baby Wipes
887,Bananas
887,Coffee
887,Crisps
887,Nappies
887,Soft Drinks
887,Sugar
888,Baby Wipes
888,Bananas
888,Coffee
888,Milk
888,Nappies
888,Sugar
888,Tea
888,Tomato Sauce
889,Bananas
889,Eggs
889,Tea
890,Baby Wipes
890,Bananas
890,Eggs
890,Tea
891,Baby Wipes
891,Bread
891,Butter
891,Cheese
891,Crisps
891,Soft Drinks
892,Baby Wipes
892,Coffee
892,Crisps
892,Milk
892,Pasta
892,Soft Drinks
892,Sugar
892,Tomato Sauce
893,Baby Wipes
893,Coffee
893,Nappies
893,Sugar
894,Baby Wipes
894,Nappies
894,Sugar
895,Crisps
895,Eggs
895,Nappies
895,Tea
895,Tomato Sauce
896,Bread
896,Crisps
896,Eggs
896,Soft Drinks
896,Sugar
897,Milk
897,Sugar
897,Tea
898,Bananas
898,Bread
898,Butter
898,Pasta
898,Tea
898,Tomato Sauce
899,Bananas
899,Bread
899,Butter
899,Cheese
899,Crisps
899,Soft Drinks
900,Coffee
900,Milk
900,Sugar
901,Bananas
901,Butter
901,Pasta
901,Sugar
901,Tomato Sauce
902,Baby Wipes
902,Bread
902,Butter
902,Coffee
902,Milk
903,Baby Wipes
903,Bread
903,Butter
903,Eggs
903,Soft Drinks
903,Sugar
904,Bananas
904,Bread
904,Butter
904,Crisps
904,Pasta
904,Tomato Sauce
905,Bananas
905,Milk
906,Bread
906,Coffee
906,Milk
906,Pasta
906,Tea
906,Tomato Sauce
907,Eggs
907,Tea
908,Pasta
908,Tea
908,Tomato Sauce
909,Bread
909,Butter
909,Coffee
909,Crisps
909,Eggs
909,Sugar
910,Bananas
910,Bread
910,Butter
910,Sugar
910,Tomato Sauce
911,Bread
911,Butter
911,Cheese
911,Crisps
911,Milk
911,Pasta
911,Tea
911,Tomato Sauce
912,Baby Wipes
912,Bread
912,Butter
913,Crisps
913,Eggs
913,Pasta
913,Tomato Sauce
914,Baby Wipes
914,Bread
914,Coffee
914,Crisps
914,Milk
914,Nappies
914,Sugar
914,Tea
915,Butter
915,Cheese
915,Coffee
915,Crisps
915,Sugar
916,Bananas
916,Bread
916,Butter
916,Crisps
916,Pasta
917,Butter
917,Cheese
917,Crisps
917,Milk
917,Tea
917,Tomato Sauce
918,Baby Wipes
918,Cheese
918,Coffee
918,Crisps
918,Milk
918,Nappies
918,Pasta
918,Tomato Sauce
919,Bananas
919,Butter
919,Coffee
919,Eggs
919,Sugar
919,Tea
920,Baby Wipes
920,Butter
920,Coffee
920,Crisps
920,Milk
920,Nappies
920,Soft Drinks
920,Sugar
920,Tea
921,Baby Wipes
921,Butter
921,Crisps
921,Eggs
921,Nappies
921,Soft Drinks
922,Bread
922,Butter
922,Soft Drinks
922,Tea
923,Milk
923,Soft Drinks
923,Tea
923,Tomato Sauce
924,Bread
924,Butter
924,Soft Drinks
925,Baby Wipes
925,Nappies
926,Baby Wipes
926,Crisps
926,Pasta
926,Soft Drinks
926,Tomato Sauce
927,Bread
927,Butter
927,Coffee
927,Eggs
927,Milk
927,Soft Drinks
927,Sugar
928,Cheese
928,Coffee
928,Crisps
928,Soft Drinks
928,Sugar
929,Baby Wipes
929,Butter
929,Milk
929,Nappies
929,Soft Drinks
929,Tomato Sauce
930,Bread
930,Crisps
930,Milk
930,Soft Drinks
930,Tea
931,Bananas
931,Cheese
931,Coffee
931,Eggs
931,Pasta
931,Sugar
931,Tomato Sauce
932,Baby Wipes
932,Nappies
932,Soft Drinks
933,Baby Wipes
933,Butter
933,Cheese
933,Nappies
933,Tea
934,Bread
934,Butter
934,Cheese
934,Milk
934,Tomato Sauce
935,Baby Wipes
935,Bananas
935,Eggs
935,Pasta
935,Sugar
935,Tomato Sauce
936,Cheese
936,Coffee
936,Sugar
936,Tomato Sauce
937,Baby Wipes
937,Bananas
937,Butter
937,Cheese
937,Nappies
937,Pasta
937,Tea
938,Crisps
938,Milk
938,Soft Drinks
938,Tea
939,Baby Wipes
939,Coffee
939,Nappies
939,Pasta
939,Tomato Sauce
940,Baby Wipes
940,Cheese
940,Coffee
940,Nappies
940,Sugar
940,Tea
940,Tomato Sauce
941,Bread
941,Crisps
941,Eggs
941,Pasta
941,Soft Drinks
941,Tomato Sauce
942,Baby Wipes
942,Bread
942,Butter
942,Cheese
942,Eggs
942,Nappies
942,Tea
943,Bread
943,Butter
943,Eggs
943,Pasta
943,Sugar
943,Tomato Sauce
944,Butter
944,Cheese
944,Eggs
944,Tomato Sauce
945,Bread
945,Butter
945,Coffee
945,Crisps
945,Eggs
945,Pasta
945,Sugar
945,Tea
946,Butter
946,Soft Drinks
947,Bread
947,Crisps
947,Eggs
947,Pasta
947,Tomato Sauce
948,Baby Wipes
948,Bread
948,Butter
948,Coffee
948,Crisps
948,Milk
948,Nappies
948,Pasta
948,Soft Drinks
948,Sugar
948,Tea
948,Tomato Sauce
949,Baby Wipes
949,Bananas
949,Bread
949,Butter
949,Cheese
949,Sugar
949,Tomato Sauce
950,Baby Wipes
950,Cheese
950,Coffee
950,Eggs
950,Nappies
950,Sugar
950,Tomato Sauce
951,Bananas
951,Bread
951,Butter
951,Coffee
951,Sugar
952,Baby Wipes
952,Bananas
952,Bread
952,Butter
952,Eggs
952,Milk
952,Pasta
952,Tomato Sauce
953,Bananas
953,Crisps
953,Milk
953,Nappies
953,Tea
954,Cheese
954,Coffee
954,Milk
954,Pasta
954,Sugar
954,Tea
954,Tomato Sauce
955,Baby Wipes
955,Coffee
955,Nappies
955,Soft Drinks
955,Sugar
956,Baby Wipes
956,Bananas
956,Bread
956,Butter
956,Crisps
956,Milk
956,Tea
957,Baby Wipes
957,Bananas
957,Butter
957,Cheese
957,Pasta
957,Sugar
957,Tomato Sauce
958,Bananas
958,Eggs
958,Sugar
959,Bananas
959,Soft Drinks
960,Bread
960,Butter
961,Baby Wipes
961,Bread
961,Coffee
961,Eggs
961,Sugar
962,Pasta
962,Tomato Sauce
963,Bread
963,Tomato Sauce
964,Bread
964,Butter
964,Tomato Sauce
965,Baby Wipes
965,Nappies
965,Soft Drinks
966,Baby Wipes
966,Butter
966,Eggs
966,Nappies
966,Tomato Sauce
967,Bananas
967,Bread
967,Butter
967,Coffee
967,Sugar
968,Baby Wipes
968,Bananas
968,Coffee
968,Eggs
968,Nappies
968,Pasta
968,Soft Drinks
968,Tomato Sauce
969,Baby Wipes
969,Coffee
969,Crisps
969,Pasta
969,Soft Drinks
970,Bananas
970,Crisps
970,Eggs
970,Soft Drinks
971,Baby Wipes
971,Bananas
971,Bread
971,Cheese
971,Tea
972,Baby Wipes
972,Bananas
972,Bread
972,Butter
972,Eggs
972,Nappies
972,Pasta
972,Tomato Sauce
973,Butter
973,Cheese
973,Crisps
973,Soft Drinks
974,Bread
974,Butter
974,Eggs
974,Nappies
975,Bananas
975,Bread
975,Crisps
975,Soft Drinks
976,Baby Wipes
976,Butter
976,Cheese
976,Eggs
976,Tea
977,Baby Wipes
977,Cheese
977,Eggs
977,Tomato Sauce
978,Baby Wipes
978,Butter
978,Milk
978,Nappies
978,Tea
979,Crisps
979,Eggs
979,Soft Drinks
979,Sugar
979,Tomato Sauce
980,Baby Wipes
980,Cheese
980,Coffee
980,Crisps
980,Nappies
980,Soft Drinks
980,Sugar
981,Baby Wipes
981,Bananas
981,Milk
981,Nappies
981,Sugar
981,Tea
982,Baby Wipes
982,Nappies
982,Tea
982,Tomato Sauce
983,Eggs
983,Milk
983,Soft Drinks
983,Tea
984,Butter
984,Eggs
985,Bananas
985,Butter
985,Milk
985,Tea
986,Coffee
986,Sugar
987,Butter
987,Sugar
987,Tea
988,Baby Wipes
988,Bread
988,Butter
988,Cheese
988,Nappies
988,Pasta
988,Sugar
988,Tea
988,Tomato Sauce
989,Baby Wipes
989,Bread
989,Butter
989,Tomato Sauce
990,Bananas
990,Butter
990,Milk
990,Pasta
990,Tea
990,Tomato Sauce
991,Baby Wipes
991,Butter
991,Nappies
992,Bananas
992,Bread
992,Butter
992,Crisps
992,Milk
992,Pasta
992,Tomato Sauce
993,Milk
993,Pasta
993,Tea
994,Bananas
994,Crisps
994,Pasta
994,Soft Drinks
994,Tomato Sauce
995,Bread
995,Coffee
995,Crisps
995,Soft Drinks
996,Bananas
996,Cheese
996,Eggs
996,Pasta
997,Baby Wipes
997,Bread
997,Butter
997,Cheese
997,Crisps
997,Eggs
997,Nappies
997,Soft Drinks
998,Baby Wipes
998,Crisps
998,Eggs
998,Nappies
998,Tomato Sauce
999,Bread
999,Butter
1000,Bread
1000,Butter
1000,Cheese
1000,Eggs
1000,Sugar
1001,Baby Wipes
1001,Bananas
1001,Bread
1001,Butter
1001,Cheese
1001,Nappies
1002,Coffee
1002,Milk
1002,Nappies
1003,Bread
1003,Butter
1003,Crisps
1003,Pasta
1003,Soft Drinks
1003,Tea
1003,Tomato Sauce
1004,Baby Wipes
1004,Crisps
1004,Eggs
1004,Milk
1004,Nappies
1004,Soft Drinks
1004,Sugar
1004,Tea
1005,Baby Wipes
1005,Bananas
1005,Crisps
1005,Nappies
1005,Sugar
1005,Tomato Sauce
1006,Baby Wipes
1006,Bananas
1006,Cheese
1006,Nappies
1006,Tomato Sauce
1007,Bread
1007,Butter
1007,Coffee
1007,Eggs
1007,Milk
1007,Sugar
1008,Bread
1008,Crisps
1009,Baby Wipes
1009,Crisps
1009,Milk
1009,Soft Drinks
1009,Sugar
1010,Baby Wipes
1010,Coffee
1010,Milk
1010,Nappies
1010,Sugar
1010,Tea
1011,Bread
1011,Milk
1011,Sugar
1011,Tomato Sauce
1012,Baby Wipes
1012,Cheese
1012,Crisps
1012,Pasta
1012,Soft Drinks
1012,Tomato Sauce
1013,Coffee
1013,Eggs
1013,Milk
1013,Sugar
1014,Baby Wipes
1014,Butter
1014,Coffee
1014,Crisps
1014,Milk
1014,Nappies
1015,Butter
1015,Cheese
1015,Crisps
1015,Milk
1015,Pasta
1015,Tomato Sauce
1016,Baby Wipes
1016,Bread
1016,Butter
1016,Cheese
1016,Nappies
1016,Sugar
1016,Tomato Sauce
1017,Cheese
1017,Eggs
1018,Bananas
1018,Coffee
1018,Crisps
1018,Milk
1018,Pasta
1018,Soft Drinks
1018,Sugar
1018,Tomato Sauce
1019,Bananas
1019,Eggs
1020,Bananas
1020,Bread
1020,Butter
1021,Baby Wipes
1021,Bread
1021,Butter
1021,Crisps
1021,Milk
1021,Nappies
1021,Tea
1022,Coffee
1022,Crisps
1022,Eggs
1022,Soft Drinks
1022,Sugar
1022,Tomato Sauce
1023,Baby Wipes
1023,Bread
1023,Butter
1023,Crisps
1023,Nappies
1023,Soft Drinks
1024,Bread
1024,Butter
1024,Coffee
1025,Bananas
1025,Milk
1025,Tea
1026,Baby Wipes
1026,Butter
1026,Nappies
1026,Pasta
1026,Soft Drinks
1026,Sugar
1026,Tomato Sauce
1027,Bananas
1027,Eggs
1027,Milk
1027,Tea
1028,Baby Wipes
1028,Tea
1028,Tomato Sauce
1029,Baby Wipes
1029,Butter
1029,Coffee
1029,Crisps
1029,Milk
1029,Soft Drinks
1029,Tea
1029,Tomato Sauce
1030,Baby Wipes
1030,Crisps
1030,Eggs
1030,Milk
1030,Nappies
1030,Soft Drinks
1031,Crisps
1031,Tomato Sauce
1032,Baby Wipes
1032,Bananas
1032,Crisps
1032,Pasta
1032,Soft Drinks
1032,Sugar
1032,Tomato Sauce
1033,Baby Wipes
1033,Butter
1033,Cheese
1033,Coffee
1033,Sugar
1033,Tomato Sauce
1034,Baby Wipes
1034,Bananas
1034,Eggs
1034,Pasta
1034,Tea
1034,Tomato Sauce
1035,Bananas
1035,Butter
1035,Nappies
1035,Pasta
1035,Tomato Sauce
1036,Crisps
1036,Pasta
1036,Tomato Sauce
1037,Baby Wipes
1037,Cheese
1037,Coffee
1037,Crisps
1037,Milk
1037,Nappies
1037,Sugar
1038,Milk
1038,Pasta
1039,Crisps
1039,Pasta
1039,Tomato Sauce
1040,Baby Wipes
1040,Bread
1040,Butter
1040,Coffee
1040,Nappies
1040,Pasta
1040,Sugar
1040,Tea
1040,Tomato Sauce
1041,Cheese
1041,Coffee
1041,Milk
1041,Tea
1042,Bread
1042,Butter
1042,Eggs
1042,Milk
1042,Pasta
1042,Tea
1042,Tomato Sauce
1043,Pasta
1043,Sugar
1043,Tomato Sauce
1044,Eggs
1044,Pasta
1044,Soft Drinks
1045,Butter
1045,Eggs
1045,Nappies
1045,Pasta
1045,Sugar
1045,Tomato Sauce
1046,Crisps
1046,Eggs
1046,Nappies
1046,Pasta
1046,Soft Drinks
1046,Tomato Sauce
1047,Bread
1047,Eggs
1047,Pasta
1048,Bananas
1048,Bread
1048,Butter
1048,Coffee
1048,Crisps
1048,Eggs
1048,Soft Drinks
1049,Cheese
1049,Coffee
1049,Pasta
1049,Tea
1050,Baby Wipes
1050,Bread
1050,Butter
1050,Nappies
1051,Baby Wipes
1051,Bread
1051,Butter
1051,Nappies
1051,Tomato Sauce
1052,Cheese
1052,Nappies
1053,Bananas
1053,Coffee
1053,Crisps
1053,Eggs
1053,Sugar
1053,Tomato Sauce
1054,Baby Wipes
1054,Crisps
1054,Milk
1054,Pasta
1054,Sugar
1054,Tea
1054,Tomato Sauce
1055,Baby Wipes
1055,Bananas
1055,Coffee
1055,Milk
1055,Nappies
1055,Sugar
1055,Tea
1056,Bananas
1056,Coffee
1056,Sugar
1057,Baby Wipes
1057,Coffee
1057,Nappies
1057,Sugar
1057,Tea
1058,Eggs
1058,Pasta
1058,Soft Drinks
1058,Tomato Sauce
1059,Baby Wipes
1059,Bananas
1059,Butter
1059,Coffee
1059,Nappies
1059,Pasta
1059,Sugar
1060,Eggs
1060,Sugar
1061,Baby Wipes
1061,Bread
1061,Butter
1061,Cheese
1061,Coffee
1061,Eggs
1061,Nappies
1061,Pasta
1061,Tomato Sauce
1062,Crisps
1062,Milk
1062,Soft Drinks
1062,Tea
1063,Bread
1063,Butter
1063,Coffee
1063,Crisps
1063,Eggs
1063,Nappies
1063,Pasta
1063,Sugar
1064,Coffee
1064,Crisps
1064,Nappies
1064,Tea
1065,Bananas
1065,Bread
1065,Coffee
1065,Crisps
1065,Soft Drinks
1065,Tomato Sauce
1066,Baby Wipes
1066,Bananas
1066,Bread
1066,Crisps
1066,Nappies
1066,Soft Drinks
1067,Baby Wipes
1067,Bread
1067,Butter
1067,Eggs
1067,Nappies
1067,Pasta
1067,Soft Drinks
1067,Tomato Sauce
1068,Bananas
1068,Coffee
1068,Milk
1069,Baby Wipes
1069,Milk
1069,Nappies
1069,Sugar
1070,Bread
1070,Butter
1070,Coffee
1070,Pasta
1070,Sugar
1071,Baby Wipes
1071,Bananas
1071,Butter
1071,Crisps
1071,Milk
1071,Nappies
1071,Soft Drinks
1071,Tea
1072,Baby Wipes
1072,Bread
1072,Butter
1072,Cheese
1072,Crisps
1072,Eggs
1073,Baby Wipes
1073,Bread
1074,Baby Wipes
1074,Cheese
1074,Crisps
1074,Nappies
1074,Soft Drinks
1074,Tea
1075,Baby Wipes
1075,Bananas
1075,Coffee
1075,Eggs
1075,Nappies
1075,Sugar
1075,Tomato Sauce
1076,Baby Wipes
1076,Bananas
1076,Crisps
1076,Nappies
1076,Pasta
1076,Tomato Sauce
1077,Bananas
1077,Cheese
1077,Crisps
1077,Pasta
1077,Tomato Sauce
1078,Baby Wipes
1078,Bread
1078,Butter
1078,Coffee
1078,Crisps
1078,Nappies
1078,Sugar
1078,Tea
1079,Bananas
1079,Crisps
1079,Sugar
1079,Tomato Sauce
1080,Baby Wipes
1080,Bananas
1080,Coffee
1080,Crisps
1080,Milk
1080,Nappies
1080,Sugar
1080,Tea
1081,Bread
1081,Crisps
1081,Milk
1081,Soft Drinks
1081,Tea
1082,Pasta
1082,Sugar
1082,Tomato Sauce
1083,Baby Wipes
1083,Bananas
1083,Bread
1083,Nappies
1084,Bread
1084,Butter
1084,Crisps
1084,Milk
1084,Pasta
1084,Soft Drinks
1084,Tea
1084,Tomato Sauce
1085,Baby Wipes
1085,Bananas
1085,Bread
1085,Butter
1085,Cheese
1085,Coffee
1085,Milk
1085,Sugar
1085,Tea
1086,Bread
1086,Butter
1086,Soft Drinks
1087,Baby Wipes
1087,Butter
1087,Milk
1087,Nappies
1088,Bread
1088,Butter
1089,Baby Wipes
1089,Bananas
1089,Coffee
1089,Nappies
1089,Pasta
1089,Tomato Sauce
1090,Baby Wipes
1090,Cheese
1090,Eggs
1090,Milk
1090,Nappies
1090,Pasta
1090,Tomato Sauce
1091,Baby Wipes
1091,Coffee
1092,Baby Wipes
1092,Butter
1092,Crisps
1092,Milk
1092,Nappies
1092,Pasta
1092,Tea
1093,Bananas
1093,Bread
1093,Butter
1094,Bananas
1094,Butter
1094,Cheese
1094,Eggs
1094,Milk
1094,Sugar
1095,Bananas
1095,Coffee
1095,Crisps
1095,Milk
1095,Soft Drinks
1095,Sugar
1096,Cheese
1096,Crisps
1096,Milk
1096,Soft Drinks
1096,Sugar
1096,Tomato Sauce
1097,Bread
1097,Butter
1097,Coffee
1097,Crisps
1097,Nappies
1097,Soft Drinks
1097,Sugar
1098,Bananas
1098,Bread
1098,Butter
1098,Cheese
1098,Coffee
1098,Sugar
1099,Bananas
1099,Eggs
1099,Milk
1099,Sugar
1099,Tomato Sauce
1100,Coffee
1100,Crisps
1100,Pasta
1100,Sugar
1100,Tomato Sauce
1101,Bread
1101,Coffee
1101,Crisps
1101,Nappies
1101,Pasta
1101,Soft Drinks
1101,Sugar
1101,Tomato Sauce
1102,Baby Wipes
1102,Milk
1102,Nappies
1102,Soft Drinks
1102,Tea
1103,Bananas
1103,Bread
1103,Butter
1103,Milk
1103,Tea
1104,Bread
1104,Butter
1104,Pasta
1104,Tomato Sauce
1105,Bread
1105,Butter
1105,Eggs
1105,Pasta
1105,Tomato Sauce
1106,Baby Wipes
1106,Crisps
1106,Eggs
1106,Pasta
1106,Tomato Sauce
1107,Baby Wipes
1107,Bread
1107,Butter
1107,Cheese
1107,Crisps
1107,Milk
1107,Pasta
1107,Soft Drinks
1107,Tea
1107,Tomato Sauce
1108,Baby Wipes
1108,Butter
1108,Crisps
1108,Nappies
1109,Crisps
1109,Sugar
1110,Bananas
1110,Crisps
1110,Eggs
1110,Soft Drinks
1111,Coffee
1111,Eggs
1111,Pasta
1111,Sugar
1112,Bananas
1112,Butter
1112,Cheese
1112,Crisps
1112,Soft Drinks
1113,Bananas
1113,Cheese
1113,Crisps
1113,Soft Drinks
1114,Baby Wipes
1114,Bread
1114,Butter
1114,Coffee
1114,Eggs
1114,Nappies
1114,Soft Drinks
1114,Sugar
1115,Coffee
1115,Eggs
1115,Sugar
1116,Eggs
1116,Milk
1116,Soft Drinks
1116,Tea
1117,Baby Wipes
1117,Bananas
1117,Nappies
1117,Soft Drinks
1118,Bananas
1118,Bread
1118,Crisps
1118,Nappies
1118,Soft Drinks
1118,Sugar
1119,Bread
1119,Butter
1119,Crisps
1119,Pasta
1119,Tea
1119,Tomato Sauce
1120,Baby Wipes
1120,Coffee
1120,Crisps
1120,Nappies
1120,Pasta
1120,Soft Drinks
1120,Sugar
1120,Tea
1121,Bread
1121,Butter
1121,Coffee
1121,Crisps
1121,Pasta
1121,Soft Drinks
1121,Tea
1121,Tomato Sauce
1122,Baby Wipes
1122,Bread
1122,Butter
1122,Milk
1122,Nappies
1122,Tea
1122,Tomato Sauce
1123,Cheese
1123,Sugar
1123,Tea
1124,Baby Wipes
1124,Bread
1124,Butter
1124,Coffee
1124,Crisps
1124,Milk
1124,Sugar
1124,Tea
1125,Coffee
1125,Eggs
1126,Baby Wipes
1126,Bread
1126,Sugar
1126,Tea
1127,Baby Wipes
1127,Bread
1127,Eggs
1127,Milk
1127,Pasta
1127,Tea
1127,Tomato Sauce
1128,Baby Wipes
1128,Butter
1128,Eggs
1128,Milk
1128,Pasta
1128,Sugar
1128,Tomato Sauce
1129,Baby Wipes
1129,Bread
1129,Butter
1129,Nappies
1130,Bananas
1130,Crisps
1130,Pasta
1130,Tea
1130,Tomato Sauce
1131,Baby Wipes
1131,Bananas
1131,Bread
1131,Butter
1131,Eggs
1131,Nappies
1132,Bananas
1132,Bread
1132,Cheese
1132,Coffee
1132,Crisps
1132,Milk
1132,Soft Drinks
1132,Tea
1133,Baby Wipes
1133,Bread
1133,Butter
1133,Nappies
1133,Sugar
1133,Tea
1134,Baby Wipes
1134,Bananas
1134,Butter
1134,Eggs
1134,Pasta
1135,Baby Wipes
1135,Bananas
1135,Bread
1135,Cheese
1135,Coffee
1135,Nappies
1136,Crisps
1136,Eggs
1137,Eggs
1137,Pasta
1137,Soft Drinks
1137,Tomato Sauce
1138,Baby Wipes
1138,Coffee
1138,Nappies
1138,Sugar
1139,Baby Wipes
1139,Butter
1139,Tomato Sauce
1140,Cheese
1140,Tea
1141,Milk
1141,Sugar
1142,Coffee
1142,Crisps
1142,Soft Drinks
1142,Sugar
1143,Butter
1143,Crisps
1143,Soft Drinks
1144,Bananas
1144,Butter
1144,Crisps
1144,Milk
1144,Tea
1145,Butter
1145,Soft Drinks
1146,Coffee
1146,Milk
1146,Pasta
1146,Tea
1147,Baby Wipes
1147,Bananas
1147,Coffee
1147,Nappies
1147,Sugar
1147,Tomato Sauce
1148,Baby Wipes
1148,Bread
1148,Crisps
1148,Nappies
1148,Pasta
1148,Tomato Sauce
1149,Coffee
1149,Eggs
1149,Pasta
1149,Sugar
1149,Tomato Sauce
1150,Cheese
1150,Milk
1150,Tea
1151,Baby Wipes
1151,Butter
1151,Nappies
1152,Bananas
1152,Bread
1152,Butter
1152,Cheese
1152,Nappies
1152,Sugar
1153,Milk
1153,Sugar
1153,Tea
1154,Baby Wipes
1154,Nappies
1154,Tea
1155,Baby Wipes
1155,Bread
1155,Butter
1155,Nappies
1155,Sugar
1156,Coffee
1156,Crisps
1156,Eggs
1156,Soft Drinks
1156,Sugar
1156,Tomato Sauce
1157,Bananas
1157,Butter
1157,Soft Drinks
1157,Tomato Sauce
1158,Baby Wipes
1158,Bread
1158,Butter
1158,Coffee
1158,Nappies
1158,Pasta
1158,Sugar
1158,Tea
1158,Tomato Sauce
1159,Bananas
1159,Bread
1159,Butter
1159,Cheese
1159,Eggs
1159,Milk
1159,Tea
1159,Tomato Sauce
1160,Bananas
1160,Bread
1160,Butter
1160,Pasta
1160,Tea
1161,Cheese
1161,Coffee
1161,Crisps
1162,Milk
1162,Pasta
1162,Sugar
1162,Tea
1162,Tomato Sauce
1163,Bread
1163,Crisps
1163,Pasta
1163,Soft Drinks
1164,Baby Wipes
1164,Milk
1164,Nappies
1164,Sugar
1164,Tomato Sauce
1165,Baby Wipes
1165,Bananas
1165,Coffee
1165,Nappies
1165,Pasta
1165,Sugar
1165,Tea
1165,Tomato Sauce
1166,Bread
1166,Butter
1166,Eggs
1166,Milk
1166,Sugar
1166,Tea
1166,Tomato Sauce
1167,Crisps
1167,Milk
1167,Pasta
1167,Sugar
1167,Tomato Sauce
1168,Cheese
1168,Crisps
1168,Eggs
1168,Milk
1168,Sugar
1168,Tea
1169,Bread
1169,Butter
1169,Crisps
1169,Eggs
1169,Milk
1169,Pasta
1170,Bananas
1170,Butter
1170,Eggs
1170,Sugar
1171,Baby Wipes
1171,Butter
1171,Nappies
1172,Bananas
1172,Cheese
1172,Coffee
1172,Crisps
1172,Sugar
1173,Baby Wipes
1173,Bananas
1173,Coffee
1173,Milk
1173,Nappies
1173,Sugar
1173,Tea
1174,Bananas
1174,Butter
1175,Butter
1175,Crisps
1175,Tomato Sauce
1176,Baby Wipes
1176,Bananas
1176,Bread
1176,Butter
1176,Nappies
1176,Pasta
1176,Tomato Sauce
1177,Eggs
1177,Pasta
1177,Tomato Sauce
1178,Bananas
1178,Coffee
1178,Crisps
1178,Pasta
1178,Soft Drinks
1178,Sugar
1178,Tomato Sauce
1179,Cheese
1179,Coffee
1179,Milk
1179,Sugar
1179,Tea
1180,Bread
1180,Eggs
1180,Pasta
1180,Soft Drinks
1181,Cheese
1181,Eggs
1181,Nappies
1181,Pasta
1181,Sugar
1181,Tomato Sauce
1182,Baby Wipes
1182,Bread
1182,Butter
1182,Crisps
1182,Milk
1182,Nappies
1182,Soft Drinks
1182,Tea
1182,Tomato Sauce
1183,Eggs
1183,Milk
1183,Tea
1184,Cheese
1184,Coffee
1184,Pasta
1184,Sugar
1184,Tea
1185,Bananas
1185,Bread
1185,Coffee
1185,Crisps
1185,Soft Drinks
1185,Sugar
1186,Baby Wipes
1186,Bananas
1186,Bread
1186,Butter
1186,Crisps
1186,Milk
1186,Nappies
1186,Soft Drinks
1186,Tea
1187,Bananas
1187,Bread
1187,Butter
1187,Cheese
1187,Eggs
1187,Milk
1187,Tea
1187,Tomato Sauce
1188,Butter
1188,Cheese
1188,Milk
1188,Pasta
1188,Tea
1188,Tomato Sauce
1189,Bread
1189,Butter
1189,Crisps
1189,Eggs
1190,Baby Wipes
1190,Butter
1190,Cheese
1190,Coffee
1190,Nappies
1190,Sugar
1191,Bananas
1191,Milk
1191,Pasta
1191,Tea
1191,Tomato Sauce
1192,Bread
1192,Butter
1192,Crisps
1192,Sugar
1193,Baby Wipes
1193,Bananas
1193,Cheese
1193,Coffee
1193,Crisps
1193,Nappies
1194,Butter
1194,Coffee
1194,Crisps
1194,Milk
1194,Soft Drinks
1194,Tea
1194,Tomato Sauce
1195,Baby Wipes
1195,Coffee
1195,Crisps
1195,Nappies
1195,Pasta
1195,Sugar
1195,Tomato Sauce
1196,Bananas
1196,Bread
1196,Butter
1196,Coffee
1196,Pasta
1196,Sugar
1196,Tomato Sauce
1197,Baby Wipes
1197,Crisps
1197,Soft Drinks
1197,Tea
1198,Cheese
1198,Pasta
1198,Soft Drinks
1198,Tomato Sauce
1199,Baby Wipes
1199,Pasta
1199,Tea
1199,Tomato Sauce
1200,Baby Wipes
1200,Bananas
1200,Cheese
1200,Crisps
1200,Eggs
1200,Soft Drinks
1201,Baby Wipes
1201,Crisps
1201,Milk
1201,Nappies
1201,Soft Drinks
1201,Tea
1202,Baby Wipes
1202,Bananas
1202,Cheese
1202,Coffee
1202,Crisps
1202,Sugar
1203,Butter
1203,Eggs
1203,Milk
1204,Bread
1204,Butter
1204,Crisps
1204,Soft Drinks
1204,Sugar
1204,Tomato Sauce
1205,Cheese
1205,Eggs
1205,Nappies
1205,Soft Drinks
1205,Sugar
1206,Butter
1206,Cheese
1206,Coffee
1206,Eggs
1206,Sugar
1206,Tomato Sauce
1207,Baby Wipes
1207,Cheese
1207,Crisps
1207,Milk
1207,Nappies
1207,Pasta
1207,Tea
1208,Baby Wipes
1208,Bread
1208,Butter
1208,Cheese
1208,Coffee
1208,Sugar
1209,Butter
1209,Crisps
1209,Pasta
1209,Tomato Sauce
1210,Coffee
1210,Crisps
1210,Milk
1210,Pasta
1210,Soft Drinks
1210,Sugar
1210,Tea
1210,Tomato Sauce
1211,Baby Wipes
1211,Cheese
1211,Crisps
1211,Milk
1211,Nappies
1211,Soft Drinks
1211,Tea
1212,Coffee
1212,Crisps
1212,Eggs
1212,Milk
1212,Pasta
1212,Sugar
1212,Tea
1212,Tomato Sauce
1213,Baby Wipes
1213,Crisps
1213,Milk
1214,Bananas
1214,Cheese
1214,Crisps
1214,Pasta
1214,Sugar
1214,Tomato Sauce
1215,Soft Drinks
1215,Tea
1216,Cheese
1216,Coffee
1216,Milk
1216,Soft Drinks
1217,Bread
1217,Butter
1217,Milk
1217,Tea
1218,Baby Wipes
1218,Crisps
1218,Milk
1218,Nappies
1218,Tea
1218,Tomato Sauce
1219,Baby Wipes
1219,Bananas
1219,Nappies
1219,Pasta
1219,Tomato Sauce
1220,Bread
1220,Butter
1220,Milk
1220,Tea
1221,Bread
1221,Eggs
1221,Tomato Sauce
1222,Bananas
1222,Bread
1222,Butter
1222,Crisps
1222,Eggs
1222,Soft Drinks
1223,Cheese
1223,Eggs
1223,Pasta
1223,Tomato Sauce
1224,Baby Wipes
1224,Eggs
1224,Nappies
1224,Pasta
1224,Soft Drinks
1224,Tea
1224,Tomato Sauce
1225,Butter
1225,Crisps
1225,Pasta
1225,Soft Drinks
1225,Tomato Sauce
1226,Crisps
1226,Soft Drinks
1227,Baby Wipes
1227,Bananas
1227,Bread
1227,Butter
1227,Milk
1227,Nappies
1227,Sugar
1227,Tea
1228,Baby Wipes
1228,Bread
1228,Butter
1228,Sugar
1229,Baby Wipes
1229,Bananas
1229,Coffee
1229,Eggs
1229,Pasta
1229,Sugar
1229,Tomato Sauce
1230,Bananas
1230,Milk
1230,Tea
1231,Baby Wipes
1231,Bananas
1231,Eggs
1231,Nappies
1231,Pasta
1231,Tea
1231,Tomato Sauce
1232,Bananas
1232,Coffee
1232,Soft Drinks
1232,Sugar
1232,Tea
1233,Crisps
1233,Soft Drinks
1234,Bananas
1234,Milk
1234,Sugar
1234,Tea
1234,Tomato Sauce
1235,Bread
1235,Cheese
1235,Crisps
1235,Milk
1235,Pasta
1235,Soft Drinks
1235,Tomato Sauce
1236,Baby Wipes
1236,Coffee
1236,Sugar
1237,Baby Wipes
1237,Bread
1237,Butter
1237,Milk
1237,Nappies
1237,Pasta
1237,Tomato Sauce
1238,Baby Wipes
1238,Bread
1238,Butter
1238,Milk
1238,Nappies
1238,Pasta
1238,Tea
1238,Tomato Sauce
1239,Baby Wipes
1239,Butter
1239,Milk
1239,Nappies
1239,Pasta
1239,Tea
1239,Tomato Sauce
1240,Baby Wipes
1240,Bananas
1240,Butter
1240,Coffee
1240,Crisps
1240,Nappies
1240,Soft Drinks
1240,Sugar
1241,Butter
1241,Tomato Sauce
1242,Eggs
1242,Milk
1242,Tea
1243,Baby Wipes
1243,Bananas
1243,Butter
1243,Coffee
1243,Eggs
1243,Nappies
1244,Baby Wipes
1244,Eggs
1244,Nappies
1245,Baby Wipes
1245,Bananas
1245,Crisps
1245,Eggs
1245,Milk
1245,Nappies
1245,Tomato Sauce
1246,Baby Wipes
1246,Bread
1246,Butter
1246,Crisps
1246,Nappies
1246,Soft Drinks
1247,Baby Wipes
1247,Bread
1247,Butter
1247,Coffee
1247,Milk
1247,Nappies
1247,Sugar
1247,Tea
1248,Baby Wipes
1248,Cheese
1248,Coffee
1248,Crisps
1248,Milk
1248,Nappies
1248,Pasta
1248,Sugar
1248,Tea
1248,Tomato Sauce
1249,Coffee
1249,Crisps
1249,Pasta
1249,Sugar
1249,Tomato Sauce
1250,Baby Wipes
1250,Bread
1250,Butter
1250,Crisps
1250,Eggs
1250,Milk
1250,Nappies
1250,Soft Drinks
1250,Tea
1251,Crisps
1251,Milk
1251,Tea
1252,Baby Wipes
1252,Bananas
1252,Crisps
1252,Eggs
1252,Milk
1252,Nappies
1252,Tea
1253,Baby Wipes
1253,Cheese
1253,Milk
1253,Pasta
1253,Tomato Sauce
1254,Baby Wipes
1254,Bananas
1254,Butter
1254,Coffee
1254,Sugar
1255,Bread
1255,Coffee
1255,Pasta
1255,Tea
1255,Tomato Sauce
1256,Coffee
1256,Nappies
1257,Baby Wipes
1257,Coffee
1257,Crisps
1257,Eggs
1257,Nappies
1257,Sugar
1257,Tomato Sauce
1258,Baby Wipes
1258,Nappies
1258,Tomato Sauce
1259,Baby Wipes
1259,Bread
1259,Butter
1259,Milk
1259,Nappies
1259,Tea
1260,Baby Wipes
1260,Butter
1260,Cheese
1260,Eggs
1260,Tea
1261,Bread
1261,Butter
1261,Coffee
1261,Crisps
1261,Eggs
1261,Pasta
1261,Sugar
1262,Baby Wipes
1262,Cheese
1262,Tea
1263,Baby Wipes
1263,Crisps
1263,Soft Drinks
1264,Baby Wipes
1264,Butter
1264,Coffee
1264,Crisps
1264,Milk
1264,Nappies
1264,Soft Drinks
1264,Sugar
1264,Tea
1265,Baby Wipes
1265,Bananas
1265,Coffee
1265,Pasta
1265,Sugar
1265,Tomato Sauce
1266,Bananas
1266,Soft Drinks
1267,Baby Wipes
1267,Bread
1267,Butter
1267,Crisps
1267,Eggs
1267,Milk
1267,Nappies
1267,Soft Drinks
1267,Tomato Sauce
1268,Baby Wipes
1268,Bananas
1268,Bread
1268,Butter
1268,Nappies
1268,Tomato Sauce
1269,Crisps
1269,Soft Drinks
1269,Tea
1270,Baby Wipes
1270,Bananas
1270,Crisps
1270,Milk
1270,Nappies
1270,Pasta
1270,Soft Drinks
1271,Baby Wipes
1271,Coffee
1271,Crisps
1271,Eggs
1271,Milk
1271,Nappies
1271,Soft Drinks
1271,Tea
1272,Cheese
1272,Milk
1272,Sugar
1273,Baby Wipes
1273,Bananas
1273,Coffee
1273,Nappies
1273,Sugar
1274,Bananas
1274,Bread
1274,Butter
1274,Coffee
1274,Eggs
1274,Sugar
1274,Tomato Sauce
1275,Baby Wipes
1275,Tomato Sauce
1276,Bananas
1276,Bread
1276,Butter
1276,Cheese
1276,Crisps
1276,Soft Drinks
1277,Cheese
1277,Nappies
1278,Baby Wipes
1278,Butter
1278,Coffee
1278,Crisps
1278,Milk
1278,Nappies
1278,Sugar
1278,Tea
1279,Baby Wipes
1279,Bread
1279,Butter
1279,Crisps
1279,Nappies
1279,Pasta
1279,Soft Drinks
1279,Sugar
1279,Tomato Sauce
1280,Bananas
1280,Coffee
1280,Eggs
1280,Nappies
1280,Sugar
1281,Crisps
1281,Pasta
1281,Tomato Sauce
1282,Crisps
1282,Pasta
1282,Soft Drinks
1283,Baby Wipes
1283,Cheese
1283,Milk
1283,Nappies
1283,Pasta
1283,Soft Drinks
1283,Tomato Sauce
1284,Bread
1284,Butter
1284,Tomato Sauce
1285,Bananas
1285,Bread
1285,Coffee
1285,Crisps
1285,Milk
1285,Pasta
1285,Sugar
1285,Tomato Sauce
1286,Butter
1286,Cheese
1286,Eggs
1286,Sugar
1287,Bananas
1287,Crisps
1287,Eggs
1287,Milk
1287,Soft Drinks
1287,Tea
1288,Baby Wipes
1288,Pasta
1288,Tomato Sauce
1289,Baby Wipes
1289,Bananas
1289,Bread
1289,Butter
1289,Crisps
1289,Eggs
1289,Nappies
1289,Pasta
1289,Soft Drinks
1289,Tomato Sauce
1290,Baby Wipes
1290,Bread
1290,Butter
1290,Crisps
1290,Nappies
1290,Soft Drinks
1291,Coffee
1291,Crisps
1291,Pasta
1291,Sugar
1291,Tea
1291,Tomato Sauce
1292,Baby Wipes
1292,Bananas
1292,Cheese
1292,Crisps
1292,Soft Drinks
1293,Bananas
1293,Milk
1293,Tea
1294,Crisps
1294,Eggs
1294,Pasta
1294,Tomato Sauce
1295,Butter
1295,Crisps
1295,Eggs
1295,Milk
1295,Soft Drinks
1295,Sugar
1295,Tea
1296,Cheese
1296,Coffee
1296,Pasta
1296,Sugar
1296,Tomato Sauce
1297,Baby Wipes
1297,Cheese
1297,Nappies
1297,Tea
1298,Bread
1298,Butter
1298,Crisps
1298,Milk
1298,Pasta
1298,Tea
1298,Tomato Sauce
1299,Baby Wipes
1299,Bread
1299,Butter
1299,Coffee
1299,Crisps
1299,Milk
1299,Nappies
1300,Bananas
1300,Coffee
1300,Crisps
1300,Milk
1300,Soft Drinks
1300,Sugar
1300,Tea
1300,Tomato Sauce
1301,Bread
1301,Butter
1301,Coffee
1301,Eggs
1301,Tea
1301,Tomato Sauce
1302,Cheese
1302,Coffee
1302,Crisps
1302,Eggs
1302,Milk
1302,Pasta
1302,Soft Drinks
1302,Sugar
1302,Tea
1302,Tomato Sauce
1303,Butter
1303,Eggs
1303,Milk
1303,Pasta
1303,Tea
1303,Tomato Sauce
1304,Cheese
1304,Coffee
1304,Eggs
1304,Pasta
1304,Sugar
1304,Tomato Sauce
1305,Coffee
1305,Eggs
1305,Milk
1305,Sugar
1306,Baby Wipes
1306,Bananas
1306,Eggs
1306,Nappies
1307,Bananas
1307,Bread
1307,Butter
1307,Cheese
1307,Nappies
1307,Sugar
1307,Tomato Sauce
1308,Cheese
1308,Sugar
1308,Tea
1309,Baby Wipes
1309,Butter
1309,Crisps
1309,Milk
1309,Nappies
1309,Pasta
1309,Soft Drinks
1309,Tomato Sauce
1310,Bread
1310,Cheese
1310,Crisps
1310,Soft Drinks
1310,Sugar
1311,Baby Wipes
1311,Coffee
1311,Milk
1311,Nappies
1311,Tea
1312,Cheese
1312,Crisps
1312,Soft Drinks
1313,Baby Wipes
1313,Coffee
1313,Milk
1313,Pasta
1313,Sugar
1313,Tomato Sauce
1314,Baby Wipes
1314,Bread
1314,Butter
1314,Coffee
1314,Nappies
1314,Sugar
1314,Tea
1314,Tomato Sauce
1315,Crisps
1315,Milk
1315,Nappies
1315,Soft Drinks
1315,Sugar
1316,Butter
1316,Pasta
1316,Sugar
1316,Tomato Sauce
1317,Baby Wipes
1317,Bread
1317,Crisps
1318,Baby Wipes
1318,Bananas
1318,Bread
1318,Cheese
1318,Coffee
1319,Cheese
1319,Crisps
1319,Nappies
1319,Pasta
1319,Soft Drinks
1319,Tomato Sauce
1320,Baby Wipes
1320,Coffee
1320,Milk
1320,Nappies
1320,Pasta
1320,Soft Drinks
1320,Tomato Sauce
1321,Baby Wipes
1321,Cheese
1321,Crisps
1321,Milk
1321,Sugar
1321,Tea
1322,Baby Wipes
1322,Bread
1322,Eggs
1322,Pasta
1322,Tea
1322,Tomato Sauce
1323,Bananas
1323,Bread
1323,Coffee
1323,Sugar
1323,Tea
1324,Bananas
1324,Bread
1324,Coffee
1324,Crisps
1324,Milk
1324,Tea
1325,Baby Wipes
1325,Bananas
1325,Bread
1325,Butter
1325,Nappies
1326,Baby Wipes
1326,Butter
1326,Cheese
1326,Crisps
1326,Nappies
1326,Sugar
1327,Bananas
1327,Bread
1327,Butter
1327,Milk
1327,Soft Drinks
1328,Butter
1328,Milk
1328,Nappies
1328,Pasta
1328,Sugar
1328,Tomato Sauce
1329,Baby Wipes
1329,Bananas
1329,Nappies
1330,Baby Wipes
1330,Coffee
1330,Eggs
1330,Nappies
1330,Sugar
1330,Tea
1331,Baby Wipes
1331,Bananas
1331,Eggs
1331,Milk
1331,Nappies
1331,Tea
1332,Bananas
1332,Crisps
1332,Milk
1332,Tea
1333,Bananas
1333,Cheese
1333,Crisps
1333,Eggs
1333,Tomato Sauce
1334,Baby Wipes
1334,Eggs
1334,Milk
1334,Tea
1334,Tomato Sauce
1335,Baby Wipes
1335,Cheese
1335,Eggs
1335,Milk
1335,Nappies
1335,Pasta
1335,Sugar
1335,Tea
1335,Tomato Sauce
1336,Butter
1336,Coffee
1337,Bread
1337,Milk
1337,Soft Drinks
1338,Baby Wipes
1338,Cheese
1338,Coffee
1338,Milk
1338,Nappies
1338,Sugar
1339,Coffee
1339,Milk
1339,Pasta
1339,Soft Drinks
1339,Sugar
1340,Baby Wipes
1340,Bread
1340,Butter
1340,Eggs
1340,Nappies
1340,Pasta
1340,Tomato Sauce
1341,Bread
1341,Butter
1341,Coffee
1341,Sugar
1342,Baby Wipes
1342,Coffee
1342,Crisps
1342,Milk
1342,Tomato Sauce
1343,Bananas
1343,Coffee
1343,Eggs
1343,Pasta
1343,Sugar
1343,Tea
1344,Eggs
1344,Milk
1344,Pasta
1344,Tea
1345,Bananas
1345,Soft Drinks
1346,Crisps
1346,Milk
1346,Pasta
1346,Sugar
1346,Tea
1346,Tomato Sauce
1347,Baby Wipes
1347,Bread
1347,Butter
1347,Cheese
1347,Crisps
1347,Nappies
1347,Pasta
1347,Soft Drinks
1348,Butter
1348,Cheese
1348,Coffee
1348,Pasta
1348,Sugar
1348,Tea
1349,Baby Wipes
1349,Bananas
1349,Bread
1349,Eggs
1349,Nappies
1349,Pasta
1349,Sugar
1349,Tomato Sauce
1350,Bananas
1350,Bread
1350,Butter
1350,Coffee
1350,Pasta
1350,Sugar
1350,Tomato Sauce
1351,Baby Wipes
1351,Bananas
1351,Cheese
1351,Eggs
1351,Milk
1351,Sugar
1352,Bananas
1352,Bread
1352,Cheese
1352,Eggs
1353,Baby Wipes
1353,Bananas
1353,Nappies
1353,Pasta
1353,Tomato Sauce
1354,Bread
1354,Coffee
1354,Eggs
1354,Pasta
1354,Soft Drinks
1354,Tomato Sauce
1355,Coffee
1355,Crisps
1355,Milk
1355,Sugar
1356,Butter
1356,Coffee
1356,Soft Drinks
1356,Sugar
1356,Tomato Sauce
1357,Cheese
1357,Pasta
1357,Soft Drinks
1357,Sugar
1357,Tomato Sauce
1358,Baby Wipes
1358,Bananas
1358,Cheese
1359,Butter
1359,Crisps
1360,Bananas
1360,Bread
1360,Butter
1360,Cheese
1361,Baby Wipes
1361,Milk
1361,Sugar
1362,Baby Wipes
1362,Bananas
1362,Butter
1362,Crisps
1362,Eggs
1362,Milk
1362,Nappies
1363,Bananas
1363,Cheese
1363,Coffee
1363,Milk
1363,Tea
1364,Baby Wipes
1364,Bread
1364,Nappies
1364,Pasta
1364,Tomato Sauce
1365,Bread
1365,Butter
1365,Coffee
1365,Milk
1365,Pasta
1365,Sugar
1365,Tea
1365,Tomato Sauce
1366,Bread
1366,Coffee
1366,Eggs
1366,Pasta
1366,Sugar
1366,Tea
1367,Bananas
1367,Bread
1367,Butter
1367,Tea
1368,Baby Wipes
1368,Sugar
1369,Baby Wipes
1369,Coffee
1369,Crisps
1369,Milk
1369,Nappies
1369,Soft Drinks
1370,Baby Wipes
1370,Crisps
1370,Nappies
1370,Pasta
1370,Soft Drinks
1370,Tomato Sauce
1371,Bananas
1371,Bread
1371,Butter
1371,Milk
1371,Tea
1372,Baby Wipes
1372,Tomato Sauce
1373,Baby Wipes
1373,Crisps
1373,Milk
1373,Soft Drinks
1373,Tea
1374,Baby Wipes
1374,Coffee
1374,Crisps
1374,Milk
1374,Nappies
1374,Soft Drinks
1374,Tomato Sauce
1375,Coffee
1375,Crisps
1376,Baby Wipes
1376,Coffee
1376,Milk
1376,Nappies
1376,Sugar
1376,Tea
1377,Bananas
1377,Pasta
1377,Tomato Sauce
1378,Baby Wipes
1378,Coffee
1378,Crisps
1378,Milk
1378,Nappies
1378,Soft Drinks
1378,Sugar
1378,Tea
1379,Baby Wipes
1379,Bananas
1379,Crisps
1379,Eggs
1379,Soft Drinks
1379,Sugar
1379,Tea
1380,Cheese
1380,Coffee
1381,Bananas
1381,Bread
1381,Butter
1381,Coffee
1381,Crisps
1381,Eggs
1381,Pasta
1381,Soft Drinks
1381,Sugar
1381,Tomato Sauce
1382,Cheese
1382,Coffee
1382,Crisps
1382,Sugar
1383,Baby Wipes
1383,Bread
1383,Butter
1383,Cheese
1383,Nappies
1383,Pasta
1383,Soft Drinks
1384,Bananas
1384,Butter
1384,Crisps
1384,Eggs
1384,Pasta
1385,Bananas
1385,Cheese
1385,Crisps
1385,Eggs
1385,Milk
1385,Soft Drinks
1385,Tea
1385,Tomato Sauce
1386,Baby Wipes
1386,Eggs
1386,Nappies
1386,Soft Drinks
1387,Bread
1387,Coffee
1387,Milk
1387,Nappies
1387,Pasta
1387,Soft Drinks
1387,Tomato Sauce
1388,Baby Wipes
1388,Bananas
1388,Bread
1388,Butter
1388,Crisps
1388,Milk
1388,Nappies
1388,Tea
1389,Bread
1389,Coffee
1389,Crisps
1389,Eggs
1389,Sugar
1389,Tea
1389,Tomato Sauce
1390,Crisps
1390,Pasta
1390,Soft Drinks
1390,Tomato Sauce
1391,Coffee
1391,Crisps
1391,Soft Drinks
1391,Sugar
1392,Eggs
1392,Pasta
1392,Tomato Sauce
1393,Cheese
1393,Coffee
1393,Milk
1393,Tea
1394,Butter
1394,Crisps
1394,Eggs
1394,Pasta
1394,Soft Drinks
1394,Tomato Sauce
1395,Baby Wipes
1395,Bananas
1395,Cheese
1395,Eggs
1395,Milk
1395,Nappies
1395,Tea
1396,Cheese
1396,Crisps
1396,Eggs
1396,Pasta
1396,Soft Drinks
1396,Tomato Sauce
1397,Bananas
1397,Crisps
1398,Baby Wipes
1398,Bananas
1398,Bread
1398,Butter
1398,Coffee
1398,Sugar
1398,Tomato Sauce
1399,Bread
1399,Butter
1399,Sugar
1400,Bread
1400,Cheese
1400,Soft Drinks
1400,Tea
1400,Tomato Sauce
1401,Baby Wipes
1401,Crisps
1401,Nappies
1401,Soft Drinks
1402,Cheese
1402,Milk
1402,Nappies
1402,Soft Drinks
1402,Tea
1403,Baby Wipes
1403,Butter
1403,Crisps
1403,Milk
1403,Soft Drinks
1403,Tea
1404,Coffee
1404,Crisps
1404,Eggs
1404,Milk
1404,Soft Drinks
1404,Sugar
1404,Tea
1405,Baby Wipes
1405,Bread
1405,Butter
1405,Eggs
1405,Nappies
1405,Pasta
1405,Sugar
1405,Tomato Sauce
1406,Coffee
1406,Pasta
1406,Soft Drinks
1406,Sugar
1406,Tomato Sauce
1407,Bananas
1407,Coffee
1407,Crisps
1407,Milk
1407,Tea
1407,Tomato Sauce
1408,Baby Wipes
1408,Butter
1409,Coffee
1409,Crisps
1409,Pasta
1409,Soft Drinks
1409,Tomato Sauce
1410,Bread
1410,Coffee
1410,Nappies
1410,Pasta
1410,Tea
1410,Tomato Sauce
1411,Nappies
1411,Tea
1412,Baby Wipes
1412,Cheese
1413,Bananas
1413,Bread
1413,Eggs
1413,Milk
1413,Pasta
1413,Tea
1414,Crisps
1414,Milk
1414,Soft Drinks
1414,Tea
1414,Tomato Sauce
1415,Eggs
1415,Soft Drinks
1416,Baby Wipes
1416,Butter
1416,Coffee
1416,Milk
1416,Nappies
1416,Sugar
1417,Baby Wipes
1417,Cheese
1417,Coffee
1417,Nappies
1418,Bananas
1418,Cheese
1418,Crisps
1418,Milk
1418,Soft Drinks
1418,Tea
1418,Tomato Sauce
1419,Bread
1419,Butter
1419,Coffee
1419,Crisps
1419,Pasta
1419,Soft Drinks
1419,Sugar
1420,Cheese
1420,Crisps
1420,Soft Drinks
1421,Baby Wipes
1421,Bread
1421,Butter
1421,Cheese
1421,Coffee
1421,Milk
1421,Nappies
1421,Soft Drinks
1422,Baby Wipes
1422,Cheese
1422,Pasta
1422,Tomato Sauce
1423,Eggs
1423,Milk
1423,Tea
1424,Cheese
1424,Milk
1424,Tea
1425,Coffee
1425,Crisps
1425,Sugar
1426,Bananas
1426,Butter
1426,Crisps
1426,Milk
1426,Tea
1427,Baby Wipes
1427,Bananas
1427,Bread
1427,Butter
1427,Coffee
1427,Sugar
1427,Tomato Sauce
1428,Baby Wipes
1428,Bananas
1428,Bread
1428,Butter
1428,Nappies
1429,Pasta
1429,Tomato Sauce
1430,Bananas
1430,Eggs
1430,Tea
1431,Crisps
1431,Pasta
1431,Tomato Sauce
1432,Crisps
1432,Milk
1432,Soft Drinks
1432,Tea
1433,Baby Wipes
1433,Butter
1433,Crisps
1433,Eggs
1433,Nappies
1434,Bananas
1434,Coffee
1434,Crisps
1434,Nappies
1434,Pasta
1434,Soft Drinks
1434,Tomato Sauce
1435,Butter
1435,Coffee
1435,Pasta
1435,Soft Drinks
1435,Sugar
1435,Tomato Sauce
1436,Butter
1436,Crisps
1436,Milk
1436,Soft Drinks
1436,Sugar
1436,Tea
1437,Baby Wipes
1437,Cheese
1437,Milk
1437,Nappies
1437,Tea
1438,Bread
1438,Coffee
1439,Baby Wipes
1439,Bread
1439,Butter
1439,Soft Drinks
1439,Sugar
1440,Coffee
1440,Eggs
1440,Milk
1440,Pasta
1440,Sugar
1440,Tomato Sauce
1441,Bananas
1441,Milk
1441,Pasta
1441,Sugar
1442,Baby Wipes
1442,Bread
1442,Butter
1442,Coffee
1442,Eggs
1442,Nappies
1442,Sugar
1442,Tomato Sauce
1443,Baby Wipes
1443,Bread
1443,Butter
1443,Milk
1443,Nappies
1443,Sugar
1443,Tea
1443,Tomato Sauce
1444,Bread
1444,Coffee
1444,Eggs
1444,Milk
1444,Pasta
1444,Sugar
1444,Tomato Sauce
1445,Bread
1445,Butter
1445,Crisps
1445,Soft Drinks
1446,Baby Wipes
1446,Bread
1446,Butter
1446,Cheese
1446,Coffee
1446,Crisps
1446,Nappies
1446,Soft Drinks
1447,Baby Wipes
1447,Crisps
1447,Nappies
1447,Pasta
1447,Soft Drinks
1447,Sugar
1447,Tea
1447,Tomato Sauce
1448,Baby Wipes
1448,Bananas
1448,Crisps
1448,Milk
1449,Butter
1449,Coffee
1449,Nappies
1449,Sugar
1449,Tomato Sauce
1450,Coffee
1450,Milk
1450,Pasta
1450,Sugar
1451,Coffee
1451,Milk
1452,Bread
1452,Butter
1452,Eggs
1452,Milk
1452,Sugar
1452,Tea
1453,Bananas
1453,Pasta
1453,Tomato Sauce
1454,Bread
1454,Butter
1454,Cheese
1454,Milk
1454,Pasta
1454,Tea
1455,Coffee
1455,Sugar
1455,Tomato Sauce
1456,Baby Wipes
1456,Bread
1456,Butter
1456,Milk
1456,Nappies
1456,Tea
1457,Baby Wipes
1457,Crisps
1457,Eggs
1457,Nappies
1457,Pasta
1457,Soft Drinks
1457,Tomato Sauce
1458,Bread
1458,Butter
1458,Coffee
1459,Eggs
1459,Pasta
1459,Sugar
1459,Tomato Sauce
1460,Baby Wipes
1460,Cheese
1460,Nappies
1460,Pasta
1460,Soft Drinks
1460,Sugar
1461,Bread
1461,Butter
1461,Coffee
1461,Pasta
1461,Tea
1461,Tomato Sauce
1462,Bread
1462,Coffee
1462,Eggs
1462,Milk
1462,Pasta
1462,Sugar
1462,Tea
1463,Butter
1463,Pasta
1463,Soft Drinks
1463,Tea
1463,Tomato Sauce
1464,Baby Wipes
1464,Cheese
1464,Coffee
1464,Pasta
1464,Sugar
1464,Tomato Sauce
1465,Butter
1465,Crisps
1465,Milk
1466,Coffee
1466,Sugar
1467,Coffee
1467,Sugar
1467,Tea
1468,Bread
1468,Butter
1468,Milk
1469,Eggs
1469,Milk
1469,Pasta
1469,Tomato Sauce
1470,Bananas
1470,Cheese
1470,Crisps
1470,Milk
1471,Coffee
1471,Soft Drinks
1471,Tomato Sauce
1472,Bananas
1472,Crisps
1472,Soft Drinks
1472,Tea
1473,Baby Wipes
1473,Eggs
1473,Sugar
1474,Baby Wipes
1474,Bananas
1474,Nappies
1475,Baby Wipes
1475,Bread
1475,Butter
1475,Cheese
1475,Coffee
1475,Nappies
1475,Sugar
1475,Tomato Sauce
1476,Butter
1476,Cheese
1476,Coffee
1476,Crisps
1476,Pasta
1476,Tomato Sauce
1477,Baby Wipes
1477,Milk
1477,Nappies
1477,Sugar
1478,Baby Wipes
1478,Butter
1478,Cheese
1478,Milk
1478,Nappies
1479,Baby Wipes
1479,Milk
1479,Nappies
1480,Baby Wipes
1480,Pasta
1481,Baby Wipes
1481,Bread
1481,Butter
1481,Crisps
1481,Nappies
1481,Soft Drinks
1481,Sugar
1482,Bananas
1482,Bread
1482,Butter
1482,Coffee
1482,Crisps
1482,Sugar
1482,Tea
1483,Bananas
1483,Cheese
1483,Eggs
1483,Tomato Sauce
1484,Baby Wipes
1484,Cheese
1484,Coffee
1484,Sugar
1484,Tea
1485,Bread
1485,Butter
1485,Coffee
1485,Milk
1485,Sugar
1486,Baby Wipes
1486,Bananas
1486,Bread
1486,Coffee
1486,Pasta
1487,Baby Wipes
1487,Nappies
1487,Pasta
1488,Baby Wipes
1488,Bananas
1488,Crisps
1488,Eggs
1488,Milk
1488,Nappies
1488,Soft Drinks
1488,Tea
1489,Bananas
1489,Cheese
1489,Crisps
1489,Milk
1489,Pasta
1489,Tea
1490,Bread
1490,Butter
1490,Cheese
1490,Coffee
1490,Milk
1490,Sugar
1491,Crisps
1491,Pasta
1491,Sugar
1491,Tomato Sauce
1492,Baby Wipes
1492,Cheese
1492,Milk
1492,Nappies
1492,Tea
1493,Baby Wipes
1493,Bread
1493,Butter
1493,Milk
1493,Nappies
1493,Tea
1493,Tomato Sauce
1494,Bananas
1494,Bread
1494,Butter
1495,Bananas
1495,Crisps
1495,Eggs
1495,Milk
1495,Soft Drinks
1495,Tea
1496,Milk
1496,Pasta
1496,Tea
1496,Tomato Sauce
1497,Baby Wipes
1497,Coffee
1497,Nappies
1497,Soft Drinks
1497,Sugar
1498,Baby Wipes
1498,Bread
1498,Butter
1498,Pasta
1498,Tea
1498,Tomato Sauce
1499,Baby Wipes
1499,Butter
1499,Cheese
1499,Coffee
1499,Milk
1499,Nappies
1499,Pasta
1499,Tea
1499,Tomato Sauce
1500,Cheese
1500,Coffee
1500,Pasta
1500,Sugar
1500,Tomato Sauce
1501,Bananas
1501,Crisps
1501,Eggs
1501,Milk
1501,Soft Drinks
1502,Bananas
1502,Cheese
1502,Coffee
1502,Nappies
1502,Sugar
1503,Baby Wipes
1503,Coffee
1503,Milk
1503,Nappies
1503,Sugar
1503,Tea
1503,Tomato Sauce
1504,Baby Wipes
1504,Cheese
1504,Crisps
1504,Eggs
1504,Nappies
1504,Pasta
1504,Tomato Sauce
1505,Baby Wipes
1505,Bread
1505,Butter
1505,Milk
1505,Pasta
1505,Tomato Sauce
1506,Baby Wipes
1506,Coffee
1506,Nappies
1507,Bread
1507,Cheese
1507,Crisps
1507,Soft Drinks
1508,Bananas
1508,Crisps
1508,Soft Drinks
1509,Bread
1509,Butter
1509,Crisps
1509,Eggs
1509,Pasta
1509,Soft Drinks
1509,Tea
1510,Baby Wipes
1510,Bananas
1510,Butter
1510,Cheese
1510,Nappies
1510,Sugar
1511,Bananas
1511,Bread
1511,Butter
1511,Coffee
1511,Sugar
1512,Bread
1512,Butter
1512,Crisps
1512,Eggs
1512,Tomato Sauce
1513,Bread
1513,Butter
1513,Cheese
1513,Crisps
1513,Nappies
1513,Sugar
1514,Bananas
1514,Coffee
1514,Milk
1514,Sugar
1515,Baby Wipes
1515,Bread
1515,Butter
1515,Cheese
1515,Nappies
1516,Butter
1516,Cheese
1516,Coffee
1516,Sugar
1516,Tomato Sauce
1517,Bread
1517,Butter
1517,Milk
1517,Tomato Sauce
1518,Bread
1518,Butter
1518,Cheese
1518,Milk
1519,Baby Wipes
1519,Coffee
1519,Crisps
1519,Nappies
1519,Pasta
1519,Tomato Sauce
1520,Cheese
1520,Nappies
1520,Tea
1521,Baby Wipes
1521,Cheese
1521,Crisps
1521,Nappies
1521,Soft Drinks
1522,Coffee
1522,Milk
1522,Sugar
1523,Soft Drinks
1523,Tomato Sauce
1524,Milk
1524,Soft Drinks
1524,Tea
1525,Bananas
1525,Coffee
1525,Pasta
1525,Sugar
1525,Tomato Sauce
1526,Butter
1526,Coffee
1527,Baby Wipes
1527,Bananas
1527,Bread
1527,Cheese
1527,Sugar
1528,Baby Wipes
1528,Crisps
1528,Milk
1528,Nappies
1528,Soft Drinks
1529,Baby Wipes
1529,Cheese
1529,Crisps
1529,Nappies
1529,Soft Drinks
1529,Sugar
1529,Tomato Sauce
1530,Bread
1530,Butter
1530,Cheese
1530,Milk
1530,Sugar
1531,Bread
1531,Butter
1531,Crisps
1531,Eggs
1531,Soft Drinks
1531,Sugar
1531,Tomato Sauce
1532,Baby Wipes
1532,Coffee
1532,Crisps
1532,Nappies
1532,Soft Drinks
1532,Sugar
1533,Bananas
1533,Bread
1533,Pasta
1533,Tomato Sauce
1534,Baby Wipes
1534,Cheese
1534,Nappies
1534,Pasta
1534,Tomato Sauce
1535,Bread
1535,Butter
1535,Crisps
1535,Milk
1535,Tea
1535,Tomato Sauce
1536,Baby Wipes
1536,Bread
1536,Cheese
1536,Crisps
1536,Pasta
1536,Tomato Sauce
1537,Baby Wipes
1537,Bananas
1537,Coffee
1537,Nappies
1537,Sugar
1537,Tomato Sauce
1538,Baby Wipes
1538,Bananas
1538,Crisps
1538,Nappies
1538,Pasta
1538,Soft Drinks
1538,Tomato Sauce
1539,Crisps
1539,Soft Drinks
1539,Tomato Sauce
1540,Coffee
1540,Crisps
1540,Soft Drinks
1540,Tomato Sauce
1541,Bananas
1541,Coffee
1541,Sugar
1541,Tomato Sauce
1542,Baby Wipes
1542,Crisps
1542,Milk
1542,Nappies
1542,Pasta
1542,Tea
1542,Tomato Sauce
1543,Bananas
1543,Bread
1543,Butter
1543,Crisps
1543,Tomato Sauce
1544,Cheese
1544,Crisps
1545,Butter
1545,Cheese
1545,Coffee
1545,Eggs
1545,Milk
1545,Nappies
1546,Pasta
1546,Sugar
1547,Bread
1547,Butter
1547,Cheese
1547,Crisps
1547,Sugar
1547,Tea
1548,Bread
1548,Butter
1548,Cheese
1548,Eggs
1549,Bananas
1549,Bread
1549,Butter
1549,Cheese
1549,Eggs
1549,Milk
1549,Tomato Sauce
1550,Bread
1550,Butter
1550,Eggs
1550,Soft Drinks
1550,Tomato Sauce
1551,Cheese
1551,Coffee
1551,Sugar
1552,Bananas
1552,Cheese
1552,Crisps
1552,Soft Drinks
1552,Tomato Sauce
1553,Baby Wipes
1553,Coffee
1553,Eggs
1553,Pasta
1553,Sugar
1553,Tomato Sauce
1554,Bread
1554,Coffee
1554,Eggs
1554,Milk
1554,Tomato Sauce
1555,Baby Wipes
1555,Butter
1555,Crisps
1555,Milk
1555,Nappies
1555,Soft Drinks
1555,Tea
1556,Baby Wipes
1556,Bananas
1556,Bread
1556,Butter
1556,Cheese
1556,Coffee
1556,Nappies
1557,Baby Wipes
1557,Bananas
1557,Cheese
1557,Crisps
1557,Nappies
1557,Pasta
1557,Tomato Sauce
1558,Baby Wipes
1558,Bananas
1558,Milk
1558,Nappies
1559,Baby Wipes
1559,Bananas
1559,Cheese
1559,Coffee
1559,Crisps
1559,Nappies
1559,Pasta
1559,Soft Drinks
1559,Sugar
1559,Tomato Sauce
1560,Cheese
1560,Sugar
1561,Bananas
1561,Pasta
1561,Tomato Sauce
1562,Crisps
1562,Milk
1562,Soft Drinks
1562,Sugar
1563,Bananas
1563,Butter
1563,Crisps
1563,Pasta
1563,Soft Drinks
1563,Tomato Sauce
1564,Bread
1564,Butter
1564,Milk
1564,Pasta
1564,Soft Drinks
1564,Sugar
1564,Tomato Sauce
1565,Baby Wipes
1565,Bread
1565,Butter
1565,Nappies
1566,Crisps
1566,Soft Drinks
1567,Cheese
1567,Eggs
1567,Milk
1567,Tomato Sauce
1568,Baby Wipes
1568,Coffee
1568,Crisps
1568,Milk
1568,Tea
1569,Bananas
1569,Butter
1569,Nappies
1569,Soft Drinks
1569,Sugar
1569,Tomato Sauce
1570,Milk
1570,Pasta
1570,Tomato Sauce
1571,Bananas
1571,Eggs
1571,Milk
1571,Sugar
1571,Tea
1572,Baby Wipes
1572,Bread
1572,Butter
1572,Coffee
1572,Eggs
1572,Nappies
1572,Pasta
1572,Soft Drinks
1573,Bananas
1573,Bread
1573,Cheese
1573,Crisps
1573,Eggs
1573,Soft Drinks
1574,Baby Wipes
1574,Butter
1574,Cheese
1574,Crisps
1574,Nappies
1574,Pasta
1574,Tomato Sauce
1575,Baby Wipes
1575,Cheese
1575,Coffee
1575,Crisps
1575,Pasta
1575,Sugar
1575,Tea
1575,Tomato Sauce
1576,Baby Wipes
1576,Butter
1576,Coffee
1576,Crisps
1576,Pasta
1576,Soft Drinks
1576,Tomato Sauce
1577,Baby Wipes
1577,Coffee
1577,Eggs
1577,Nappies
1578,Bread
1578,Butter
1578,Sugar
1579,Baby Wipes
1579,Cheese
1579,Crisps
1579,Eggs
1579,Milk
1579,Nappies
1579,Tea
1580,Bananas
1580,Bread
1580,Butter
1580,Coffee
1580,Crisps
1580,Pasta
1580,Soft Drinks
1580,Tomato Sauce
1581,Butter
1581,Cheese
1582,Coffee
1582,Eggs
1582,Sugar
1583,Coffee
1583,Crisps
1583,Eggs
1583,Milk
1583,Pasta
1583,Sugar
1584,Bread
1584,Cheese
1584,Crisps
1584,Milk
1584,Soft Drinks
1585,Baby Wipes
1585,Butter
1585,Cheese
1585,Crisps
1585,Eggs
1585,Milk
1585,Soft Drinks
1586,Baby Wipes
1586,Bread
1586,Butter
1586,Nappies
1587,Bread
1587,Butter
1587,Coffee
1587,Crisps
1587,Soft Drinks
1588,Bread
1588,Butter
1588,Coffee
1588,Crisps
1588,Eggs
1588,Milk
1588,Tea
1589,Bananas
1589,Bread
1589,Butter
1589,Coffee
1589,Eggs
1589,Pasta
1589,Sugar
1589,Tomato Sauce
1590,Coffee
1590,Crisps
1590,Soft Drinks
1590,Tea
1591,Baby Wipes
1591,Butter
1591,Eggs
1591,Milk
1591,Nappies
1591,Pasta
1591,Tomato Sauce
1592,Coffee
1592,Pasta
1593,Cheese
1593,Eggs
1593,Milk
1593,Soft Drinks
1593,Tea
1594,Bananas
1594,Bread
1594,Butter
1594,Eggs
1594,Milk
1594,Tea
1595,Cheese
1595,Crisps
1595,Soft Drinks
1596,Baby Wipes
1596,Bread
1596,Butter
1596,Nappies
1596,Pasta
1596,Tea
1596,Tomato Sauce
1597,Baby Wipes
1597,Bananas
1597,Bread
1597,Butter
1597,Eggs
1597,Nappies
1597,Tomato Sauce
1598,Baby Wipes
1598,Bread
1598,Butter
1598,Cheese
1598,Crisps
1598,Milk
1598,Nappies
1598,Pasta
1598,Soft Drinks
1598,Tea
1599,Baby Wipes
1599,Cheese
1599,Milk
1599,Pasta
1599,Tea
1599,Tomato Sauce
1600,Bananas
1600,Coffee
1600,Sugar
1601,Crisps
1601,Milk
1601,Soft Drinks
1601,Tea
1602,Bananas
1602,Bread
1602,Cheese
1602,Coffee
1602,Milk
1602,Sugar
1602,Tomato Sauce
1603,Bread
1603,Butter
1603,Crisps
1603,Eggs
1603,Pasta
1604,Bananas
1604,Coffee
1604,Eggs
1604,Milk
1604,Pasta
1604,Tomato Sauce
1605,Bread
1605,Butter
1605,Cheese
1605,Coffee
1605,Sugar
1606,Coffee
1606,Crisps
1606,Eggs
1606,Milk
1606,Soft Drinks
1606,Sugar
1606,Tea
1607,Bananas
1607,Coffee
1607,Eggs
1607,Sugar
1608,Butter
1608,Pasta
1609,Coffee
1609,Milk
1609,Nappies
1609,Sugar
1609,Tea
1610,Baby Wipes
1610,Crisps
1610,Nappies
1610,Sugar
1611,Cheese
1611,Pasta
1611,Tomato Sauce
1612,Bananas
1612,Eggs
1612,Soft Drinks
1613,Baby Wipes
1613,Bananas
1613,Coffee
1613,Crisps
1613,Nappies
1613,Sugar
1613,Tomato Sauce
1614,Baby Wipes
1614,Bananas
1614,Butter
1614,Milk
1614,Sugar
1614,Tea
1615,Butter
1615,Sugar
1615,Tea
1615,Tomato Sauce
1616,Baby Wipes
1616,Cheese
1616,Pasta
1616,Soft Drinks
1617,Bread
1617,Butter
1617,Milk
1618,Baby Wipes
1618,Cheese
1618,Nappies
1619,Bread
1619,Butter
1619,Milk
1619,Pasta
1620,Baby Wipes
1620,Butter
1620,Crisps
1620,Eggs
1621,Baby Wipes
1621,Bread
1621,Butter
1621,Coffee
1621,Milk
1621,Nappies
1621,Soft Drinks
1621,Sugar
1622,Bananas
1622,Butter
1622,Milk
1622,Pasta
1622,Tea
1623,Bread
1623,Butter
1623,Cheese
1623,Crisps
1623,Pasta
1623,Soft Drinks
1623,Sugar
1623,Tomato Sauce
1624,Eggs
1624,Soft Drinks
1624,Tea
1625,Bananas
1625,Nappies
1625,Tomato Sauce
1626,Bread
1626,Butter
1626,Cheese
1626,Sugar
1627,Coffee
1627,Crisps
1627,Eggs
1627,Soft Drinks
1627,Sugar
1627,Tea
1628,Coffee
1628,Milk
1628,Pasta
1628,Soft Drinks
1628,Sugar
1628,Tomato Sauce
1629,Bananas
1629,Bread
1629,Coffee
1629,Milk
1629,Sugar
1630,Baby Wipes
1630,Nappies
1630,Pasta
1630,Sugar
1630,Tomato Sauce
1631,Coffee
1631,Crisps
1631,Milk
1631,Sugar
1631,Tea
1631,Tomato Sauce
1632,Bread
1632,Crisps
1632,Milk
1632,Soft Drinks
1632,Tomato Sauce
1633,Butter
1633,Cheese
1633,Coffee
1633,Crisps
1633,Milk
1633,Sugar
1633,Tea
1634,Crisps
1634,Milk
1634,Soft Drinks
1634,Tea
1635,Baby Wipes
1635,Crisps
1635,Milk
1635,Pasta
1635,Tomato Sauce
1636,Baby Wipes
1636,Milk
1636,Nappies
1637,Baby Wipes
1637,Bread
1637,Soft Drinks
1638,Bananas
1638,Crisps
1638,Pasta
1638,Soft Drinks
1638,Tomato Sauce
1639,Butter
1639,Tea
1640,Bananas
1640,Crisps
1640,Milk
1640,Pasta
1640,Soft Drinks
1641,Baby Wipes
1641,Bread
1641,Butter
1641,Coffee
1641,Eggs
1641,Nappies
1641,Pasta
1641,Sugar
1641,Tea
1641,Tomato Sauce
1642,Baby Wipes
1642,Bread
1642,Milk
1642,Nappies
1642,Soft Drinks
1642,Tea
1643,Bananas
1643,Butter
1644,Bread
1644,Butter
1644,Coffee
1644,Eggs
1644,Milk
1644,Sugar
1645,Crisps
1645,Eggs
1645,Milk
1645,Soft Drinks
1645,Tea
1646,Bananas
1646,Cheese
1646,Pasta
1646,Tomato Sauce
1647,Butter
1647,Crisps
1647,Nappies
1647,Tea
1648,Baby Wipes
1648,Coffee
1648,Milk
1648,Pasta
1648,Sugar
1648,Tomato Sauce
1649,Baby Wipes
1649,Cheese
1649,Coffee
1649,Crisps
1649,Nappies
1649,Pasta
1649,Soft Drinks
1649,Sugar
1650,Baby Wipes
1650,Cheese
1650,Crisps
1650,Nappies
1650,Pasta
1650,Sugar
1650,Tomato Sauce
1651,Baby Wipes
1651,Cheese
1651,Eggs
1651,Milk
1651,Nappies
1651,Tea
1652,Bananas
1652,Eggs
1652,Milk
1652,Pasta
1652,Sugar
1652,Tea
1652,Tomato Sauce
1653,Bananas
1653,Bread
1653,Butter
1653,Pasta
1653,Tomato Sauce
1654,Bread
1654,Butter
1654,Coffee
1654,Crisps
1654,Pasta
1654,Sugar
1654,Tea
1654,Tomato Sauce
1655,Baby Wipes
1655,Cheese
1655,Crisps
1655,Nappies
1655,Tea
1656,Bananas
1656,Cheese
1656,Nappies
1656,Pasta
1656,Tea
1656,Tomato Sauce
1657,Baby Wipes
1657,Eggs
1657,Nappies
1658,Baby Wipes
1658,Bananas
1658,Bread
1658,Butter
1658,Coffee
1658,Eggs
1658,Milk
1658,Tea
1659,Coffee
1659,Pasta
1659,Tomato Sauce
1660,Baby Wipes
1660,Crisps
1660,Nappies
1660,Pasta
1660,Soft Drinks
1660,Tomato Sauce
1661,Bread
1661,Butter
1661,Milk
1661,Sugar
1661,Tea
1662,Bananas
1662,Cheese
1662,Soft Drinks
1662,Sugar
1662,Tomato Sauce
1663,Bread
1663,Butter
1663,Cheese
1663,Crisps
1663,Milk
1663,Soft Drinks
1663,Tomato Sauce
1664,Bread
1664,Butter
1664,Crisps
1664,Soft Drinks
1664,Sugar
1664,Tea
1665,Butter
1665,Tomato Sauce
1666,Baby Wipes
1666,Bananas
1666,Eggs
1666,Nappies
1666,Pasta
1666,Sugar
1666,Tomato Sauce
1667,Bananas
1667,Bread
1667,Coffee
1667,Eggs
1667,Soft Drinks
1667,Tomato Sauce
1668,Baby Wipes
1668,Bread
1668,Coffee
1668,Eggs
1668,Nappies
1668,Pasta
1668,Tomato Sauce
1669,Pasta
1669,Tomato Sauce
1670,Baby Wipes
1670,Milk
1670,Nappies
1670,Soft Drinks
1670,Sugar
1670,Tea
1671,Baby Wipes
1671,Butter
1671,Sugar
1672,Bananas
1672,Cheese
1672,Coffee
1672,Crisps
1672,Milk
1672,Soft Drinks
1672,Sugar
1672,Tea
1672,Tomato Sauce
1673,Butter
1673,Crisps
1673,Eggs
1673,Soft Drinks
1674,Baby Wipes
1674,Nappies
1674,Tea
1675,Butter
1675,Cheese
1676,Baby Wipes
1676,Bananas
1676,Coffee
1676,Crisps
1676,Milk
1676,Soft Drinks
1676,Sugar
1676,Tea
1677,Baby Wipes
1677,Milk
1677,Nappies
1677,Tea
1678,Butter
1678,Crisps
1678,Eggs
1678,Pasta
1678,Tomato Sauce
1679,Butter
1679,Coffee
1679,Crisps
1679,Eggs
1679,Soft Drinks
1679,Sugar
1680,Baby Wipes
1680,Bananas
1680,Milk
1681,Baby Wipes
1681,Tomato Sauce
1682,Butter
1682,Cheese
1682,Crisps
1682,Milk
1682,Tea
1683,Coffee
1683,Crisps
1683,Soft Drinks
1683,Sugar
1683,Tomato Sauce
1684,Baby Wipes
1684,Cheese
1684,Coffee
1684,Crisps
1684,Milk
1684,Nappies
1684,Tea
1684,Tomato Sauce
1685,Baby Wipes
1685,Milk
1685,Nappies
1685,Pasta
1685,Tea
1685,Tomato Sauce
1686,Bread
1686,Crisps
1686,Soft Drinks
1686,Sugar
1686,Tomato Sauce
1687,Crisps
1687,Pasta
1688,Baby Wipes
1688,Bread
1688,Butter
1688,Coffee
1688,Nappies
1688,Sugar
1689,Baby Wipes
1689,Bread
1689,Cheese
1689,Crisps
1689,Nappies
1689,Soft Drinks
1689,Sugar
1690,Bread
1690,Coffee
1690,Crisps
1690,Eggs
1690,Milk
1690,Pasta
1690,Sugar
1691,Bananas
1691,Bread
1691,Butter
1691,Crisps
1691,Eggs
1691,Nappies
1691,Soft Drinks
1692,Butter
1692,Coffee
1692,Crisps
1692,Milk
1692,Soft Drinks
1692,Sugar
1692,Tea
1693,Bread
1693,Butter
1693,Milk
1693,Nappies
1694,Cheese
1694,Crisps
1694,Milk
1694,Pasta
1694,Soft Drinks
1694,Tea
1694,Tomato Sauce
1695,Cheese
1695,Coffee
1695,Crisps
1695,Pasta
1695,Tomato Sauce
1696,Crisps
1696,Soft Drinks
1696,Tomato Sauce
1697,Baby Wipes
1697,Butter
1697,Crisps
1697,Eggs
1697,Milk
1698,Bread
1698,Butter
1698,Coffee
1698,Sugar
1699,Bananas
1699,Bread
1699,Butter
1699,Crisps
1699,Eggs
1699,Soft Drinks
1699,Sugar
1700,Bread
1700,Butter
1700,Tomato Sauce
1701,Baby Wipes
1701,Bananas
1701,Eggs
1701,Nappies
1701,Pasta
1702,Bananas
1702,Bread
1702,Butter
1702,Coffee
1702,Milk
1702,Sugar
1703,Milk
1703,Sugar
1703,Tea
1703,Tomato Sauce
1704,Baby Wipes
1704,Bananas
1704,Butter
1704,Crisps
1704,Nappies
1704,Pasta
1705,Baby Wipes
1705,Eggs
1705,Nappies
1706,Bread
1706,Milk
1706,Sugar
1706,Tea
1707,Butter
1707,Cheese
1707,Pasta
1707,Tomato Sauce
1708,Cheese
1708,Eggs
1708,Milk
1708,Pasta
1708,Soft Drinks
1708,Tea
1708,Tomato Sauce
1709,Baby Wipes
1709,Milk
1709,Nappies
1709,Tea
1710,Baby Wipes
1710,Crisps
1711,Baby Wipes
1711,Bread
1711,Milk
1711,Nappies
1711,Soft Drinks
1711,Tea
1712,Baby Wipes
1712,Butter
1712,Cheese
1712,Milk
1712,Sugar
1712,Tea
1713,Bananas
1713,Butter
1713,Pasta
1713,Tomato Sauce
1714,Baby Wipes
1714,Cheese
1714,Coffee
1714,Crisps
1714,Nappies
1714,Pasta
1714,Soft Drinks
1714,Sugar
1714,Tomato Sauce
1715,Baby Wipes
1715,Crisps
1715,Milk
1715,Soft Drinks
1715,Sugar
1716,Baby Wipes
1716,Bread
1716,Cheese
1716,Pasta
1716,Sugar
1716,Tomato Sauce
1717,Baby Wipes
1717,Coffee
1717,Milk
1717,Nappies
1718,Bread
1718,Butter
1718,Pasta
1718,Tomato Sauce
1719,Bread
1719,Butter
1719,Cheese
1719,Coffee
1719,Nappies
1719,Soft Drinks
1719,Sugar
1719,Tea
1720,Baby Wipes
1720,Bread
1720,Butter
1720,Crisps
1720,Milk
1720,Nappies
1720,Sugar
1720,Tea
1721,Butter
1721,Crisps
1721,Eggs
1721,Pasta
1721,Soft Drinks
1721,Tomato Sauce
1722,Baby Wipes
1722,Bananas
1722,Coffee
1722,Nappies
1722,Pasta
1722,Sugar
1722,Tomato Sauce
1723,Crisps
1723,Milk
1723,Nappies
1723,Soft Drinks
1724,Milk
1724,Tomato Sauce
1725,Butter
1725,Cheese
1725,Crisps
1725,Eggs
1725,Soft Drinks
1725,Sugar
1725,Tomato Sauce
1726,Bread
1726,Butter
1726,Crisps
1726,Milk
1726,Sugar
1726,Tea
1727,Bananas
1727,Cheese
1727,Eggs
1727,Milk
1728,Butter
1728,Coffee
1728,Eggs
1728,Milk
1728,Pasta
1728,Tomato Sauce
1729,Baby Wipes
1729,Crisps
1729,Milk
1729,Tea
1730,Bananas
1730,Tea
1731,Bananas
1731,Crisps
1731,Soft Drinks
1732,Baby Wipes
1732,Cheese
1732,Nappies
1732,Pasta
1732,Tomato Sauce
1733,Bananas
1733,Coffee
1733,Eggs
1734,Baby Wipes
1734,Coffee
1734,Crisps
1734,Nappies
1734,Sugar
1734,Tomato Sauce
1735,Baby Wipes
1735,Milk
1735,Pasta
1735,Tea
1735,Tomato Sauce
1736,Baby Wipes
1736,Coffee
1736,Eggs
1736,Nappies
1736,Sugar
1737,Bananas
1737,Crisps
1737,Milk
1737,Soft Drinks
1737,Tea
1737,Tomato Sauce
1738,Baby Wipes
1738,Crisps
1738,Nappies
1738,Soft Drinks
1738,Sugar
1739,Coffee
1739,Milk
1739,Soft Drinks
1739,Sugar
1740,Bananas
1740,Bread
1740,Butter
1740,Crisps
1740,Pasta
1740,Tomato Sauce
1741,Baby Wipes
1741,Coffee
1741,Milk
1741,Tea
1742,Coffee
1742,Crisps
1742,Eggs
1742,Milk
1742,Pasta
1742,Sugar
1742,Tea
1742,Tomato Sauce
1743,Baby Wipes
1743,Bananas
1743,Bread
1743,Butter
1743,Nappies
1743,Pasta
1743,Sugar
1743,Tomato Sauce
1744,Baby Wipes
1744,Bananas
1744,Bread
1744,Butter
1744,Cheese
1744,Crisps
1745,Baby Wipes
1745,Bread
1745,Butter
1746,Baby Wipes
1746,Butter
1746,Crisps
1746,Nappies
1746,Soft Drinks
1746,Tea
1746,Tomato Sauce
1747,Bread
1747,Butter
1747,Milk
1747,Tomato Sauce
1748,Bananas
1748,Pasta
1748,Tomato Sauce
1749,Bananas
1749,Butter
1749,Eggs
1749,Pasta
1749,Tea
1749,Tomato Sauce
1750,Eggs
1750,Milk
1750,Pasta
1750,Tea
1751,Baby Wipes
1751,Bananas
1751,Crisps
1751,Eggs
1751,Milk
1751,Nappies
1751,Sugar
1752,Baby Wipes
1752,Coffee
1752,Pasta
1752,Sugar
1753,Bread
1753,Eggs
1753,Milk
1753,Pasta
1753,Tomato Sauce
1754,Baby Wipes
1754,Eggs
1754,Nappies
1755,Baby Wipes
1755,Milk
1755,Nappies
1755,Pasta
1756,Baby Wipes
1756,Bananas
1756,Pasta
1756,Tomato Sauce
1757,Baby Wipes
1757,Bananas
1757,Nappies
1757,Pasta
1757,Tea
1757,Tomato Sauce
1758,Bananas
1758,Cheese
1758,Pasta
1758,Soft Drinks
1758,Tea
1758,Tomato Sauce
1759,Butter
1759,Milk
1759,Tea
1759,Tomato Sauce
1760,Bananas
1760,Bread
1760,Butter
1760,Tomato Sauce
1761,Cheese
1761,Coffee
1761,Milk
1761,Tomato Sauce
1762,Milk
1762,Sugar
1762,Tea
1763,Baby Wipes
1763,Coffee
1763,Milk
1763,Nappies
1763,Pasta
1763,Sugar
1763,Tea
1763,Tomato Sauce
1764,Baby Wipes
1764,Crisps
1764,Eggs
1764,Nappies
1764,Tomato Sauce
1765,Baby Wipes
1765,Bananas
1765,Cheese
1765,Coffee
1765,Nappies
1765,Soft Drinks
1765,Sugar
1766,Baby Wipes
1766,Crisps
1766,Nappies
1767,Crisps
1767,Pasta
1767,Soft Drinks
1768,Baby Wipes
1768,Bread
1768,Butter
1768,Cheese
1768,Nappies
1768,Pasta
1768,Tomato Sauce
1769,Milk
1769,Soft Drinks
1769,Sugar
1769,Tomato Sauce
1770,Baby Wipes
1770,Coffee
1770,Milk
1770,Nappies
1770,Pasta
1770,Sugar
1770,Tea
1771,Crisps
1771,Eggs
1771,Milk
1771,Soft Drinks
1771,Sugar
1772,Baby Wipes
1772,Bread
1772,Butter
1772,Crisps
1772,Milk
1772,Nappies
1772,Pasta
1772,Soft Drinks
1772,Tomato Sauce
1773,Baby Wipes
1773,Bananas
1773,Nappies
1773,Sugar
1773,Tomato Sauce
1774,Bread
1774,Pasta
1774,Tea
1774,Tomato Sauce
1775,Bananas
1775,Butter
1775,Crisps
1775,Eggs
1775,Soft Drinks
1776,Bananas
1776,Tomato Sauce
1777,Bread
1777,Crisps
1777,Soft Drinks
1778,Baby Wipes
1778,Cheese
1778,Nappies
1779,Crisps
1779,Milk
1779,Soft Drinks
1779,Sugar
1779,Tea
1780,Crisps
1780,Eggs
1781,Baby Wipes
1781,Nappies
1781,Pasta
1781,Tomato Sauce
1782,Eggs
1782,Pasta
1782,Sugar
1783,Butter
1783,Milk
1783,Pasta
1783,Tea
1783,Tomato Sauce
1784,Coffee
1784,Nappies
1784,Sugar
1784,Tomato Sauce
1785,Coffee
1785,Milk
1785,Nappies
1785,Soft Drinks
1785,Sugar
1785,Tea
1786,Crisps
1786,Milk
1786,Soft Drinks
1786,Tea
1786,Tomato Sauce
1787,Baby Wipes
1787,Bread
1787,Butter
1787,Crisps
1787,Eggs
1787,Tomato Sauce
1788,Bread
1788,Crisps
1789,Baby Wipes
1789,Bananas
1789,Eggs
1789,Nappies
1790,Butter
1790,Cheese
1790,Coffee
1790,Eggs
1790,Sugar
1790,Tomato Sauce
1791,Bread
1791,Butter
1791,Cheese
1792,Baby Wipes
1792,Butter
1792,Coffee
1792,Milk
1792,Nappies
1792,Sugar
1793,Bananas
1793,Bread
1793,Butter
1793,Crisps
1793,Pasta
1793,Tomato Sauce
1794,Milk
1794,Tea
1795,Cheese
1795,Eggs
1795,Sugar
1795,Tomato Sauce
1796,Bread
1796,Butter
1796,Cheese
1796,Crisps
1796,Soft Drinks
1796,Sugar
1797,Baby Wipes
1797,Bananas
1797,Cheese
1797,Coffee
1797,Pasta
1797,Sugar
1797,Tomato Sauce
1798,Crisps
1798,Eggs
1798,Nappies
1798,Soft Drinks
1799,Baby Wipes
1799,Bread
1799,Milk
1799,Nappies
1799,Tea
1800,Baby Wipes
1800,Butter
1800,Cheese
1800,Crisps
1800,Nappies
1800,Soft Drinks
1800,Tea
1801,Coffee
1801,Crisps
1801,Eggs
1801,Sugar
1801,Tomato Sauce
1802,Baby Wipes
1802,Pasta
1802,Tomato Sauce
1803,Cheese
1803,Milk
1803,Pasta
1803,Tea
1803,Tomato Sauce
1804,Cheese
1804,Coffee
1804,Crisps
1804,Milk
1804,Tomato Sauce
1805,Coffee
1805,Sugar
1806,Bread
1806,Eggs
1806,Milk
1807,Bananas
1807,Nappies
1808,Coffee
1808,Tea
1809,Bananas
1809,Cheese
1809,Coffee
1809,Eggs
1809,Milk
1809,Sugar
1809,Tea
1810,Bananas
1810,Bread
1810,Butter
1810,Milk
1810,Tea
1811,Cheese
1811,Crisps
1811,Pasta
1811,Soft Drinks
1812,Baby Wipes
1812,Bananas
1812,Eggs
1812,Nappies
1812,Pasta
1812,Tomato Sauce
1813,Baby Wipes
1813,Bread
1813,Coffee
1813,Crisps
1813,Nappies
1813,Soft Drinks
1813,Sugar
1813,Tomato Sauce
1814,Baby Wipes
1814,Bananas
1814,Bread
1814,Butter
1814,Cheese
1814,Crisps
1814,Soft Drinks
1815,Bread
1815,Butter
1815,Milk
1815,Sugar
1816,Crisps
1816,Eggs
1816,Pasta
1816,Soft Drinks
1816,Sugar
1816,Tomato Sauce
1817,Coffee
1817,Eggs
1818,Baby Wipes
1818,Butter
1818,Crisps
1818,Soft Drinks
1819,Baby Wipes
1819,Bananas
1819,Butter
1819,Coffee
1819,Eggs
1819,Nappies
1819,Sugar
1820,Bread
1820,Butter
1820,Cheese
1820,Crisps
1820,Milk
1820,Soft Drinks
1820,Tea
1821,Cheese
1821,Crisps
1821,Soft Drinks
1821,Tea
1822,Bananas
1822,Bread
1822,Butter
1822,Eggs
1822,Milk
1822,Pasta
1823,Baby Wipes
1823,Bananas
1823,Bread
1823,Butter
1823,Milk
1823,Tea
1824,Milk
1824,Soft Drinks
1824,Tea
1825,Baby Wipes
1825,Nappies
1826,Baby Wipes
1826,Bananas
1826,Cheese
1826,Crisps
1826,Milk
1826,Soft Drinks
1826,Tea
1827,Butter
1827,Sugar
1828,Baby Wipes
1828,Cheese
1828,Crisps
1828,Eggs
1828,Milk
1828,Nappies
1828,Soft Drinks
1829,Baby Wipes
1829,Crisps
1829,Nappies
1829,Soft Drinks
1829,Tomato Sauce
1830,Bread
1830,Butter
1830,Pasta
1830,Tomato Sauce
1831,Baby Wipes
1831,Bananas
1831,Coffee
1831,Crisps
1831,Nappies
1831,Pasta
1831,Sugar
1831,Tea
1831,Tomato Sauce
1832,Baby Wipes
1832,Butter
1832,Cheese
1832,Crisps
1832,Nappies
1832,Pasta
1832,Soft Drinks
1832,Tomato Sauce
1833,Butter
1833,Coffee
1833,Crisps
1833,Pasta
1833,Sugar
1833,Tomato Sauce
1834,Bananas
1834,Coffee
1834,Crisps
1834,Soft Drinks
1834,Sugar
1834,Tomato Sauce
1835,Baby Wipes
1835,Bananas
1835,Butter
1835,Eggs
1835,Sugar
1836,Bread
1836,Coffee
1836,Milk
1836,Pasta
1836,Tomato Sauce
1837,Bread
1837,Butter
1837,Coffee
1837,Sugar
1838,Coffee
1838,Pasta
1838,Tomato Sauce
1839,Bread
1839,Butter
1839,Eggs
1839,Milk
1839,Sugar
1839,Tea
1839,Tomato Sauce
1840,Baby Wipes
1840,Bread
1840,Butter
1840,Nappies
1841,Crisps
1841,Eggs
1841,Milk
1841,Pasta
1841,Soft Drinks
1841,Tea
1841,Tomato Sauce
1842,Bread
1842,Butter
1842,Pasta
1842,Tomato Sauce
1843,Baby Wipes
1843,Butter
1843,Milk
1843,Nappies
1843,Pasta
1843,Tea
1843,Tomato Sauce
1844,Bananas
1844,Coffee
1844,Crisps
1844,Milk
1844,Pasta
1844,Soft Drinks
1844,Tomato Sauce
1845,Baby Wipes
1845,Butter
1845,Cheese
1845,Coffee
1845,Pasta
1845,Sugar
1845,Tomato Sauce
1846,Butter
1846,Coffee
1846,Crisps
1846,Soft Drinks
1846,Sugar
1847,Bread
1847,Soft Drinks
1848,Baby Wipes
1848,Butter
1848,Coffee
1848,Eggs
1848,Nappies
1848,Pasta
1848,Tomato Sauce
1849,Bananas
1849,Cheese
1849,Coffee
1849,Crisps
1849,Pasta
1849,Sugar
1850,Baby Wipes
1850,Bananas
1850,Coffee
1850,Crisps
1850,Nappies
1850,Pasta
1850,Soft Drinks
1850,Sugar
1850,Tomato Sauce
1851,Bananas
1851,Cheese
1851,Crisps
1851,Pasta
1851,Sugar
1851,Tomato Sauce
1852,Bananas
1852,Milk
1852,Pasta
1852,Tomato Sauce
1853,Baby Wipes
1853,Nappies
1854,Baby Wipes
1854,Bananas
1854,Nappies
1854,Pasta
1855,Baby Wipes
1855,Bananas
1855,Bread
1855,Cheese
1855,Nappies
1855,Pasta
1855,Sugar
1855,Tomato Sauce
1856,Butter
1856,Crisps
1856,Eggs
1857,Bread
1857,Butter
1857,Cheese
1857,Milk
1857,Pasta
1857,Sugar
1857,Tomato Sauce
1858,Bananas
1858,Milk
1858,Pasta
1858,Soft Drinks
1858,Tea
1858,Tomato Sauce
1859,Bananas
1859,Pasta
1859,Sugar
1860,Milk
1860,Sugar
1861,Crisps
1861,Eggs
1861,Soft Drinks
1861,Tea
1862,Baby Wipes
1862,Coffee
1862,Crisps
1862,Nappies
1862,Sugar
1863,Baby Wipes
1863,Bread
1863,Butter
1863,Coffee
1863,Eggs
1863,Nappies
1863,Soft Drinks
1863,Sugar
1864,Baby Wipes
1864,Coffee
1864,Crisps
1864,Eggs
1864,Nappies
1864,Pasta
1864,Tea
1864,Tomato Sauce
1865,Bananas
1865,Coffee
1865,Eggs
1865,Milk
1865,Pasta
1865,Sugar
1865,Tea
1865,Tomato Sauce
1866,Baby Wipes
1866,Bread
1866,Butter
1866,Milk
1866,Nappies
1866,Soft Drinks
1866,Tea
1867,Baby Wipes
1867,Cheese
1867,Nappies
1867,Sugar
1867,Tomato Sauce
1868,Coffee
1868,Milk
1868,Pasta
1868,Sugar
1868,Tea
1868,Tomato Sauce
1869,Nappies
1869,Soft Drinks
1869,Tomato Sauce
1870,Baby Wipes
1870,Bread
1870,Butter
1870,Coffee
1870,Nappies
1870,Pasta
1870,Sugar
1870,Tomato Sauce
1871,Bread
1871,Cheese
1871,Milk
1871,Tea
1872,Bananas
1872,Coffee
1872,Crisps
1872,Pasta
1872,Soft Drinks
1872,Sugar
1872,Tomato Sauce
1873,Cheese
1873,Milk
1873,Sugar
1873,Tea
1874,Crisps
1874,Eggs
1874,Pasta
1874,Soft Drinks
1874,Tea
1874,Tomato Sauce
1875,Cheese
1875,Coffee
1875,Eggs
1875,Milk
1875,Pasta
1875,Sugar
1875,Tomato Sauce
1876,Baby Wipes
1876,Bananas
1876,Eggs
1876,Nappies
1876,Pasta
1876,Soft Drinks
1876,Tomato Sauce
1877,Bread
1877,Butter
1877,Cheese
1877,Eggs
1878,Butter
1878,Crisps
1879,Baby Wipes
1879,Cheese
1879,Coffee
1879,Nappies
1879,Sugar
1880,Bread
1880,Cheese
1881,Baby Wipes
1881,Bread
1881,Butter
1881,Cheese
1881,Crisps
1881,Eggs
1882,Crisps
1882,Milk
1882,Nappies
1882,Soft Drinks
1882,Tomato Sauce
1883,Baby Wipes
1883,Bread
1883,Butter
1883,Nappies
1883,Pasta
1883,Sugar
1883,Tomato Sauce
1884,Baby Wipes
1884,Bread
1884,Cheese
1884,Coffee
1884,Crisps
1884,Pasta
1884,Tomato Sauce
1885,Crisps
1885,Sugar
1886,Butter
1886,Milk
1886,Tea
1887,Butter
1887,Cheese
1887,Coffee
1887,Pasta
1887,Sugar
1887,Tomato Sauce
1888,Butter
1888,Crisps
1888,Eggs
1888,Milk
1888,Pasta
1888,Soft Drinks
1888,Tea
1888,Tomato Sauce
1889,Baby Wipes
1889,Bananas
1889,Eggs
1889,Nappies
1889,Sugar
1890,Bread
1890,Butter
1890,Coffee
1890,Crisps
1890,Pasta
1890,Sugar
1891,Baby Wipes
1891,Bread
1891,Butter
1891,Eggs
1891,Nappies
1891,Soft Drinks
1892,Milk
1892,Sugar
1892,Tea
1893,Bread
1893,Cheese
1893,Pasta
1893,Tea
1893,Tomato Sauce
1894,Milk
1894,Pasta
1894,Soft Drinks
1894,Tea
1894,Tomato Sauce
1895,Baby Wipes
1895,Bananas
1895,Coffee
1895,Eggs
1896,Bread
1896,Tea
1897,Bread
1897,Butter
1897,Cheese
1897,Coffee
1897,Eggs
1897,Milk
1897,Pasta
1897,Tomato Sauce
1898,Baby Wipes
1898,Bread
1898,Butter
1898,Cheese
1898,Nappies
1898,Pasta
1899,Baby Wipes
1899,Crisps
1899,Nappies
1899,Tea
1900,Crisps
1900,Eggs
1900,Milk
1900,Soft Drinks
1900,Tea
1901,Cheese
1901,Coffee
1901,Crisps
1901,Milk
1901,Pasta
1901,Tea
1902,Baby Wipes
1902,Cheese
1902,Coffee
1902,Eggs
1902,Soft Drinks
1902,Tomato Sauce
1903,Baby Wipes
1903,Crisps
1903,Nappies
1903,Pasta
1903,Soft Drinks
1903,Tea
1904,Baby Wipes
1904,Butter
1904,Nappies
1904,Tea
1904,Tomato Sauce
1905,Bread
1905,Butter
1906,Bread
1906,Butter
1906,Crisps
1906,Milk
1907,Bread
1907,Crisps
1907,Nappies
1907,Pasta
1907,Soft Drinks
1907,Tomato Sauce
1908,Bananas
1908,Nappies
1908,Pasta
1908,Tomato Sauce
1909,Baby Wipes
1909,Crisps
1909,Milk
1909,Nappies
1909,Soft Drinks
1910,Bread
1910,Butter
1910,Crisps
1910,Eggs
1910,Pasta
1910,Soft Drinks
1910,Tomato Sauce
1911,Baby Wipes
1911,Butter
1911,Eggs
1911,Nappies
1911,Pasta
1911,Soft Drinks
1911,Tomato Sauce
1912,Baby Wipes
1912,Butter
1912,Coffee
1912,Eggs
1912,Milk
1912,Sugar
1912,Tea
1913,Baby Wipes
1913,Crisps
1913,Soft Drinks
1914,Bread
1914,Coffee
1914,Eggs
1914,Nappies
1914,Sugar
1915,Baby Wipes
1915,Nappies
1915,Pasta
1915,Tomato Sauce
1916,Baby Wipes
1916,Crisps
1916,Nappies
1916,Pasta
1916,Soft Drinks
1916,Sugar
1916,Tomato Sauce
1917,Baby Wipes
1917,Butter
1917,Coffee
1917,Tea
1917,Tomato Sauce
1918,Butter
1918,Cheese
1918,Milk
1918,Pasta
1918,Sugar
1918,Tea
1918,Tomato Sauce
1919,Baby Wipes
1919,Bread
1919,Crisps
1919,Nappies
1919,Pasta
1919,Tomato Sauce
1920,Baby Wipes
1920,Butter
1920,Cheese
1920,Nappies
1921,Eggs
1921,Sugar
1922,Baby Wipes
1922,Cheese
1922,Crisps
1922,Eggs
1922,Nappies
1922,Pasta
1922,Tomato Sauce
1923,Bananas
1923,Soft Drinks
1924,Bananas
1924,Bread
1924,Butter
1924,Cheese
1924,Crisps
1924,Sugar
1925,Baby Wipes
1925,Bananas
1925,Bread
1925,Butter
1925,Crisps
1925,Nappies
1926,Butter
1926,Coffee
1926,Soft Drinks
1926,Sugar
1927,Baby Wipes
1927,Bananas
1927,Butter
1927,Pasta
1927,Soft Drinks
1927,Tomato Sauce
1928,Bananas
1928,Cheese
1928,Milk
1929,Bread
1929,Butter
1929,Sugar
1930,Baby Wipes
1930,Bread
1930,Butter
1930,Nappies
1930,Pasta
1930,Sugar
1930,Tomato Sauce
1931,Milk
1931,Sugar
1932,Baby Wipes
1932,Bananas
1932,Bread
1932,Butter
1933,Coffee
1933,Milk
1933,Sugar
1934,Pasta
1934,Tomato Sauce
1935,Bananas
1935,Butter
1935,Cheese
1935,Sugar
1935,Tea
1936,Crisps
1936,Eggs
1936,Soft Drinks
1937,Cheese
1937,Pasta
1937,Tomato Sauce
1938,Butter
1938,Crisps
1938,Pasta
1938,Soft Drinks
1938,Tea
1939,Baby Wipes
1939,Bread
1939,Butter
1939,Milk
1939,Nappies
1940,Butter
1940,Milk
1940,Pasta
1940,Tomato Sauce
1941,Baby Wipes
1941,Bread
1941,Butter
1941,Coffee
1941,Crisps
1941,Eggs
1941,Nappies
1941,Soft Drinks
1942,Baby Wipes
1942,Bread
1942,Butter
1942,Cheese
1942,Eggs
1942,Nappies
1942,Tea
1943,Baby Wipes
1943,Coffee
1943,Eggs
1943,Pasta
1943,Sugar
1943,Tomato Sauce
1944,Coffee
1944,Milk
1944,Sugar
1944,Tea
1945,Bananas
1945,Bread
1945,Butter
1945,Cheese
1945,Coffee
1945,Nappies
1945,Sugar
1946,Bananas
1946,Cheese
1946,Coffee
1946,Pasta
1946,Tomato Sauce
1947,Bread
1947,Butter
1947,Cheese
1947,Crisps
1947,Tomato Sauce
1948,Baby Wipes
1948,Bread
1948,Butter
1948,Cheese
1949,Bananas
1949,Cheese
1949,Coffee
1949,Soft Drinks
1950,Baby Wipes
1950,Cheese
1950,Crisps
1950,Eggs
1950,Nappies
1950,Soft Drinks
1950,Tea
1950,Tomato Sauce
1951,Baby Wipes
1951,Milk
1951,Nappies
1951,Tea
1952,Baby Wipes
1952,Bread
1952,Butter
1952,Coffee
1952,Sugar
1953,Bananas
1953,Soft Drinks
1953,Tomato Sauce
1954,Baby Wipes
1954,Butter
1954,Milk
1954,Pasta
1954,Tomato Sauce
1955,Baby Wipes
1955,Nappies
1955,Pasta
1956,Coffee
1956,Milk
1956,Sugar
1957,Bananas
1957,Bread
1957,Butter
1957,Coffee
1958,Cheese
1958,Eggs
1959,Bananas
1959,Coffee
1959,Crisps
1959,Soft Drinks
1960,Baby Wipes
1960,Cheese
1960,Crisps
1960,Eggs
1960,Milk
1960,Nappies
1960,Soft Drinks
1960,Tea
1961,Butter
1961,Pasta
1961,Soft Drinks
1961,Tomato Sauce
1962,Bread
1962,Butter
1962,Eggs
1962,Milk
1962,Nappies
1962,Tomato Sauce
1963,Baby Wipes
1963,Coffee
1963,Eggs
1963,Milk
1963,Nappies
1963,Pasta
1963,Tomato Sauce
1964,Bananas
1964,Butter
1965,Bananas
1965,Coffee
1965,Tomato Sauce
1966,Baby Wipes
1966,Bananas
1966,Bread
1966,Butter
1966,Coffee
1966,Crisps
1966,Eggs
1966,Nappies
1966,Soft Drinks
1966,Sugar
1967,Milk
1967,Tea
1967,Tomato Sauce
1968,Baby Wipes
1968,Bread
1968,Crisps
1968,Milk
1968,Nappies
1968,Soft Drinks
1968,Tea
1968,Tomato Sauce
1969,Bananas
1969,Bread
1969,Butter
1969,Crisps
1969,Soft Drinks
1970,Baby Wipes
1970,Bread
1970,Butter
1970,Cheese
1970,Crisps
1970,Milk
1970,Soft Drinks
1971,Baby Wipes
1971,Bread
1971,Crisps
1971,Nappies
1971,Soft Drinks
1971,Tea
1971,Tomato Sauce
1972,Bananas
1972,Butter
1973,Baby Wipes
1973,Milk
1973,Nappies
1974,Baby Wipes
1974,Butter
1974,Crisps
1974,Milk
1974,Nappies
1974,Tea
1975,Cheese
1975,Eggs
1975,Milk
1975,Sugar
1975,Tea
1976,Baby Wipes
1976,Bread
1976,Butter
1976,Cheese
1976,Crisps
1976,Nappies
1976,Pasta
1976,Tomato Sauce
1977,Bread
1977,Butter
1977,Crisps
1977,Milk
1977,Pasta
1977,Soft Drinks
1977,Tea
1977,Tomato Sauce
1978,Cheese
1978,Tomato Sauce
1979,Bananas
1979,Bread
1979,Butter
1979,Milk
1979,Tea
1979,Tomato Sauce
1980,Baby Wipes
1980,Bread
1980,Butter
1980,Nappies
1981,Bread
1981,Butter
1981,Eggs
1982,Baby Wipes
1982,Crisps
1982,Nappies
1982,Soft Drinks
1983,Baby Wipes
1983,Bread
1983,Butter
1983,Cheese
1983,Crisps
1983,Eggs
1983,Pasta
1983,Soft Drinks
1984,Baby Wipes
1984,Crisps
1984,Milk
1984,Nappies
1984,Tea
1984,Tomato Sauce
1985,Butter
1985,Crisps
1985,Pasta
1985,Soft Drinks
1986,Butter
1986,Crisps
1986,Nappies
1986,Soft Drinks
1986,Tomato Sauce
1987,Bananas
1987,Pasta
1988,Soft Drinks
1988,Sugar
1989,Bread
1989,Eggs
1989,Milk
1989,Tea
1990,Baby Wipes
1990,Cheese
1990,Coffee
1990,Nappies
1990,Soft Drinks
1991,Bananas
1991,Eggs
1991,Soft Drinks
1991,Tea
1992,Crisps
1992,Milk
1992,Soft Drinks
1992,Tea
1993,Bread
1993,Butter
1993,Coffee
1993,Nappies
1993,Tomato Sauce
1994,Baby Wipes
1994,Crisps
1994,Eggs
1994,Nappies
1994,Pasta
1994,Tea
1995,Baby Wipes
1995,Bananas
1995,Bread
1995,Butter
1995,Nappies
1995,Pasta
1995,Tea
1995,Tomato Sauce
1996,Bananas
1996,Bread
1996,Butter
1996,Pasta
1996,Soft Drinks
1996,Tomato Sauce
1997,Cheese
1997,Crisps
1997,Soft Drinks
1998,Milk
1998,Soft Drinks
1998,Sugar
1998,Tea
1999,Bread
1999,Cheese
1999,Crisps
1999,Eggs
1999,Sugar
1999,Tomato Sauce
2000,Bread
2000,Crisps
2000,Nappies
2000,Soft Drinks
2000,Sugar
2001,Bananas
2001,Crisps
2001,Eggs
2001,Milk
2001,Soft Drinks
2001,Tea
2001,Tomato Sauce
2002,Bananas
2002,Cheese
2002,Pasta
2002,Tomato Sauce
2003,Bread
2003,Butter
2003,Coffee
2003,Eggs
2003,Sugar
2004,Bread
2004,Crisps
2004,Soft Drinks
2005,Cheese
2005,Coffee
2005,Milk
2005,Sugar
2005,Tea
2006,Butter
2006,Coffee
2006,Crisps
2006,Pasta
2006,Soft Drinks
2006,Sugar
2007,Bananas
2007,Milk
2007,Tea
2008,Baby Wipes
2008,Bread
2008,Butter
2008,Crisps
2008,Nappies
2008,Pasta
2008,Soft Drinks
2009,Baby Wipes
2009,Bananas
2009,Coffee
2009,Milk
2009,Tea
2010,Baby Wipes
2010,Crisps
2010,Nappies
2010,Pasta
2010,Soft Drinks
2010,Tomato Sauce
2011,Bread
2011,Butter
2011,Sugar
2012,Butter
2012,Cheese
2012,Crisps
2012,Nappies
2012,Soft Drinks
2012,Tea
2013,Baby Wipes
2013,Crisps
2013,Eggs
2013,Milk
2013,Nappies
2013,Pasta
2013,Tea
2013,Tomato Sauce
2014,Baby Wipes
2014,Crisps
2014,Eggs
2014,Pasta
2014,Soft Drinks
2014,Tomato Sauce
2015,Butter
2015,Coffee
2015,Crisps
2015,Soft Drinks
2015,Sugar
2016,Bananas
2016,Cheese
2016,Crisps
2016,Eggs
2016,Sugar
2016,Tea
2017,Baby Wipes
2017,Butter
2017,Coffee
2017,Eggs
2017,Milk
2017,Nappies
2017,Sugar
2017,Tea
2018,Bread
2018,Butter
2018,Cheese
2018,Coffee
2018,Pasta
2018,Sugar
2018,Tomato Sauce
2019,Bananas
2019,Bread
2019,Butter
2019,Cheese
2019,Soft Drinks
2019,Sugar
2019,Tomato Sauce
2020,Baby Wipes
2020,Bananas
2020,Crisps
2020,Milk
2020,Soft Drinks
2020,Tea
2021,Baby Wipes
2021,Bread
2021,Butter
2021,Milk
2021,Tea
2022,Cheese
2022,Coffee
2022,Crisps
2022,Pasta
2022,Soft Drinks
2022,Tomato Sauce
2023,Baby Wipes
2023,Bread
2023,Butter
2023,Coffee
2023,Crisps
2023,Milk
2023,Nappies
2023,Tomato Sauce
2024,Coffee
2024,Sugar
2024,Tomato Sauce
2025,Baby Wipes
2025,Butter
2025,Coffee
2025,Crisps
2025,Milk
2025,Nappies
2025,Sugar
2025,Tea
2025,Tomato Sauce
2026,Bananas
2026,Bread
2026,Butter
2026,Crisps
2026,Soft Drinks
2027,Cheese
2027,Crisps
2027,Soft Drinks
2028,Cheese
2028,Coffee
2028,Crisps
2028,Nappies
2028,Pasta
2028,Tomato Sauce
2029,Soft Drinks
2029,Sugar
2030,Bananas
2030,Coffee
2031,Bread
2031,Butter
2031,Crisps
2031,Eggs
2031,Pasta
2031,Soft Drinks
2031,Tomato Sauce
2032,Baby Wipes
2032,Coffee
2032,Milk
2032,Sugar
2032,Tea
2033,Baby Wipes
2033,Bananas
2033,Bread
2033,Cheese
2033,Nappies
2034,Cheese
2034,Milk
2035,Bananas
2035,Crisps
2035,Milk
2035,Pasta
2035,Soft Drinks
2035,Sugar
2035,Tea
2035,Tomato Sauce
2036,Cheese
2036,Crisps
2036,Nappies
2036,Soft Drinks
2036,Sugar
2037,Baby Wipes
2037,Milk
2037,Nappies
2037,Soft Drinks
2038,Butter
2038,Crisps
2038,Milk
2038,Tea
2039,Bananas
2039,Butter
2039,Crisps
2039,Soft Drinks
2039,Sugar
2040,Bananas
2040,Bread
2040,Butter
2040,Cheese
2040,Milk
2040,Nappies
2040,Soft Drinks
2040,Tea
2041,Bread
2041,Butter
2041,Crisps
2041,Nappies
2042,Bread
2042,Cheese
2042,Crisps
2042,Soft Drinks
2043,Baby Wipes
2043,Cheese
2043,Nappies
2044,Baby Wipes
2044,Bananas
2044,Bread
2044,Butter
2044,Coffee
2044,Eggs
2044,Nappies
2044,Sugar
2045,Baby Wipes
2045,Bananas
2045,Crisps
2045,Nappies
2045,Pasta
2046,Baby Wipes
2046,Bananas
2046,Bread
2046,Butter
2046,Coffee
2046,Nappies
2046,Sugar
2047,Cheese
2047,Sugar
2048,Cheese
2048,Coffee
2048,Eggs
2048,Sugar
2048,Tomato Sauce
2049,Bananas
2049,Bread
2049,Butter
2049,Eggs
2049,Milk
2049,Tea
2050,Baby Wipes
2050,Crisps
2050,Eggs
2050,Milk
2050,Nappies
2050,Pasta
2050,Soft Drinks
2050,Tomato Sauce
2051,Baby Wipes
2051,Bread
2051,Butter
2051,Nappies
2051,Pasta
2051,Tomato Sauce
2052,Baby Wipes
2052,Butter
2052,Nappies
2053,Baby Wipes
2053,Butter
2053,Nappies
2053,Pasta
2053,Tomato Sauce
2054,Bananas
2054,Bread
2054,Butter
2054,Crisps
2054,Pasta
2054,Sugar
2055,Bread
2055,Butter
2056,Bread
2056,Butter
2056,Cheese
2056,Milk
2056,Sugar
2056,Tea
2057,Baby Wipes
2057,Bread
2057,Tea
2058,Butter
2058,Pasta
2058,Tomato Sauce
2059,Bread
2059,Butter
2059,Coffee
2059,Sugar
2060,Cheese
2060,Coffee
2060,Eggs
2060,Tea
2061,Baby Wipes
2061,Bread
2061,Butter
2061,Nappies
2062,Cheese
2062,Eggs
2062,Pasta
2062,Tomato Sauce
2063,Milk
2063,Tea
2063,Tomato Sauce
2064,Eggs
2064,Milk
2064,Sugar
2065,Bananas
2065,Soft Drinks
2066,Baby Wipes
2066,Bread
2067,Bananas
2067,Crisps
2067,Pasta
2067,Soft Drinks
2068,Baby Wipes
2068,Cheese
2068,Coffee
2068,Eggs
2068,Nappies
2068,Tomato Sauce
2069,Milk
2069,Soft Drinks
2069,Tomato Sauce
2070,Baby Wipes
2070,Butter
2070,Milk
2070,Nappies
2070,Tea
2071,Baby Wipes
2071,Bread
2071,Butter
2071,Nappies
2072,Bananas
2072,Bread
2072,Butter
2072,Pasta
2072,Tomato Sauce
2073,Bananas
2073,Crisps
2073,Sugar
2074,Cheese
2074,Milk
2074,Tea
2075,Baby Wipes
2075,Bread
2075,Crisps
2075,Milk
2075,Nappies
2075,Tea
2075,Tomato Sauce
2076,Bread
2076,Butter
2076,Eggs
2076,Milk
2076,Pasta
2076,Tea
2077,Bananas
2077,Bread
2077,Cheese
2077,Eggs
2077,Sugar
2077,Tea
2078,Baby Wipes
2078,Bananas
2078,Milk
2078,Pasta
2078,Tea
2079,Bananas
2079,Coffee
2079,Crisps
2079,Eggs
2079,Milk
2079,Pasta
2079,Soft Drinks
2079,Tomato Sauce
2080,Bananas
2080,Cheese
2080,Coffee
2080,Milk
2080,Pasta
2080,Sugar
2080,Tomato Sauce
2081,Baby Wipes
2081,Butter
2081,Coffee
2081,Crisps
2081,Milk
2081,Nappies
2081,Soft Drinks
2081,Sugar
2082,Coffee
2082,Milk
2082,Sugar
2082,Tea
2083,Butter
2083,Coffee
2083,Crisps
2083,Pasta
2084,Eggs
2084,Soft Drinks
2085,Bananas
2085,Cheese
2085,Crisps
2085,Soft Drinks
2086,Coffee
2086,Pasta
2086,Sugar
2086,Tomato Sauce
2087,Baby Wipes
2087,Coffee
2087,Nappies
2087,Sugar
2088,Bread
2088,Butter
2088,Eggs
2088,Milk
2088,Soft Drinks
2088,Tea
2089,Baby Wipes
2089,Bread
2089,Butter
2089,Nappies
2089,Pasta
2089,Tomato Sauce
2090,Bread
2090,Eggs
2090,Tea
2091,Butter
2091,Eggs
2092,Butter
2092,Crisps
2092,Milk
2092,Pasta
2092,Soft Drinks
2092,Tea
2092,Tomato Sauce
2093,Coffee
2093,Crisps
2093,Pasta
2093,Soft Drinks
2093,Tomato Sauce
2094,Coffee
2094,Crisps
2094,Eggs
2094,Milk
2094,Sugar
2094,Tea
2095,Bread
2095,Butter
2095,Cheese
2095,Crisps
2095,Milk
2095,Soft Drinks
2096,Baby Wipes
2096,Crisps
2096,Eggs
2096,Nappies
2096,Pasta
2096,Soft Drinks
2097,Bread
2097,Tea
2098,Bananas
2098,Bread
2098,Crisps
2098,Soft Drinks
2099,Bananas
2099,Cheese
2100,Baby Wipes
2100,Bread
2100,Butter
2100,Nappies
2101,Bread
2101,Butter
2101,Crisps
2101,Eggs
2101,Pasta
2101,Tea
2101,Tomato Sauce
2102,Bananas
2102,Crisps
2102,Sugar
2103,Bananas
2103,Bread
2103,Butter
2103,Cheese
2104,Baby Wipes
2104,Bread
2104,Butter
2104,Milk
2104,Nappies
2104,Pasta
2104,Tomato Sauce
2105,Cheese
2105,Milk
2105,Sugar
2105,Tea
2106,Baby Wipes
2106,Bread
2106,Butter
2106,Cheese
2106,Crisps
2106,Eggs
2107,Butter
2107,Coffee
2107,Crisps
2107,Tea
2108,Bread
2108,Crisps
2108,Soft Drinks
2109,Baby Wipes
2109,Bananas
2109,Coffee
2109,Eggs
2109,Tomato Sauce
2110,Bananas
2110,Tomato Sauce
2111,Bananas
2111,Bread
2111,Butter
2111,Cheese
2111,Sugar
2111,Tea
2112,Bananas
2112,Cheese
2112,Eggs
2112,Milk
2113,Baby Wipes
2113,Cheese
2113,Eggs
2113,Milk
2114,Bananas
2114,Bread
2114,Crisps
2114,Soft Drinks
2114,Sugar
2114,Tea
2115,Bread
2115,Cheese
2115,Coffee
2115,Crisps
2115,Soft Drinks
2116,Bread
2116,Butter
2116,Pasta
2117,Bananas
2117,Cheese
2117,Eggs
2117,Soft Drinks
2117,Sugar
2118,Butter
2118,Cheese
2118,Coffee
2118,Eggs
2118,Pasta
2118,Sugar
2119,Baby Wipes
2119,Coffee
2119,Crisps
2119,Nappies
2119,Pasta
2119,Sugar
2119,Tomato Sauce
2120,Baby Wipes
2120,Bread
2120,Butter
2120,Coffee
2120,Milk
2120,Nappies
2120,Pasta
2120,Soft Drinks
2120,Sugar
2120,Tea
2121,Cheese
2121,Crisps
2121,Milk
2121,Nappies
2121,Soft Drinks
2121,Tea
2122,Bread
2122,Butter
2122,Crisps
2122,Soft Drinks
2122,Sugar
2123,Bananas
2123,Bread
2123,Butter
2123,Crisps
2123,Sugar
2124,Baby Wipes
2124,Nappies
2125,Coffee
2125,Crisps
2125,Eggs
2125,Pasta
2125,Soft Drinks
2125,Sugar
2125,Tomato Sauce
2126,Bread
2126,Butter
2126,Pasta
2127,Baby Wipes
2127,Bananas
2127,Bread
2127,Crisps
2127,Eggs
2127,Nappies
2127,Pasta
2127,Tomato Sauce
2128,Coffee
2128,Crisps
2128,Milk
2128,Soft Drinks
2128,Sugar
2128,Tea
2129,Milk
2129,Pasta
2129,Tomato Sauce
2130,Crisps
2130,Eggs
2131,Baby Wipes
2131,Bread
2131,Crisps
2131,Eggs
2131,Nappies
2131,Soft Drinks
2132,Baby Wipes
2132,Crisps
2132,Milk
2132,Pasta
2132,Tea
2133,Baby Wipes
2133,Bananas
2133,Crisps
2133,Milk
2133,Pasta
2133,Soft Drinks
2133,Tea
2134,Baby Wipes
2134,Crisps
2134,Pasta
2134,Sugar
2134,Tea
2134,Tomato Sauce
2135,Baby Wipes
2135,Bananas
2135,Bread
2135,Butter
2135,Crisps
2135,Nappies
2135,Soft Drinks
2136,Eggs
2136,Milk
2136,Tea
2137,Baby Wipes
2137,Nappies
2137,Soft Drinks
2138,Baby Wipes
2138,Crisps
2138,Milk
2138,Nappies
2138,Pasta
2138,Tomato Sauce
2139,Baby Wipes
2139,Bread
2139,Butter
2139,Coffee
2139,Crisps
2139,Nappies
2139,Sugar
2140,Bananas
2140,Crisps
2141,Bananas
2141,Crisps
2141,Eggs
2141,Sugar
2142,Baby Wipes
2142,Coffee
2142,Nappies
2142,Sugar
2143,Bananas
2143,Crisps
2143,Milk
2143,Soft Drinks
2143,Tea
2144,Butter
2144,Cheese
2144,Crisps
2144,Eggs
2144,Milk
2144,Soft Drinks
2145,Bread
2145,Butter
2145,Crisps
2146,Baby Wipes
2146,Bread
2146,Coffee
2146,Crisps
2146,Soft Drinks
2146,Sugar
2147,Bananas
2147,Milk
2147,Soft Drinks
2147,Tea
2147,Tomato Sauce
2148,Bananas
2148,Bread
2148,Butter
2148,Eggs
2148,Pasta
2148,Tomato Sauce
2149,Baby Wipes
2149,Bananas
2149,Cheese
2149,Milk
2149,Nappies
2149,Soft Drinks
2149,Sugar
2150,Bread
2150,Crisps
2151,Bananas
2151,Pasta
2152,Baby Wipes
2152,Bananas
2152,Bread
2152,Butter
2152,Cheese
2152,Crisps
2152,Soft Drinks
2153,Bananas
2153,Pasta
2153,Sugar
2153,Tea
2153,Tomato Sauce
2154,Baby Wipes
2154,Bananas
2154,Nappies
2155,Butter
2155,Milk
2155,Tea
2156,Baby Wipes
2156,Crisps
2156,Nappies
2156,Soft Drinks
2157,Baby Wipes
2157,Butter
2157,Coffee
2157,Sugar
2158,Bananas
2158,Bread
2158,Butter
2158,Coffee
2158,Eggs
2158,Sugar
2158,Tea
2159,Bananas
2159,Cheese
2159,Nappies
2159,Tea
2160,Baby Wipes
2160,Crisps
2160,Eggs
2160,Nappies
2160,Soft Drinks
2161,Baby Wipes
2161,Eggs
2161,Milk
2161,Nappies
2161,Tea
2162,Bananas
2162,Crisps
2162,Milk
2162,Tea
2162,Tomato Sauce
2163,Baby Wipes
2163,Bread
2163,Cheese
2163,Milk
2163,Nappies
2163,Tea
2164,Baby Wipes
2164,Butter
2164,Cheese
2164,Coffee
2164,Milk
2164,Nappies
2164,Pasta
2165,Bananas
2165,Bread
2165,Butter
2165,Coffee
2165,Eggs
2165,Milk
2165,Tomato Sauce
2166,Butter
2166,Cheese
2166,Coffee
2166,Crisps
2166,Sugar
2166,Tea
2167,Baby Wipes
2167,Eggs
2167,Sugar
2168,Cheese
2168,Soft Drinks
2169,Baby Wipes
2169,Bananas
2169,Bread
2169,Butter
2169,Eggs
2169,Nappies
2169,Tea
2170,Coffee
2170,Milk
2170,Tomato Sauce
2171,Bread
2171,Crisps
2171,Pasta
2171,Tomato Sauce
2172,Coffee
2172,Eggs
2172,Pasta
2172,Tomato Sauce
2173,Crisps
2173,Eggs
2173,Pasta
2173,Soft Drinks
2173,Tea
2173,Tomato Sauce
2174,Baby Wipes
2174,Bread
2174,Butter
2174,Crisps
2174,Nappies
2175,Butter
2175,Eggs
2175,Milk
2175,Soft Drinks
2176,Baby Wipes
2176,Bread
2176,Butter
2176,Crisps
2176,Milk
2176,Nappies
2176,Pasta
2176,Tea
2176,Tomato Sauce
2177,Baby Wipes
2177,Soft Drinks
2178,Bread
2178,Pasta
2178,Soft Drinks
2178,Tomato Sauce
2179,Crisps
2179,Tea
2180,Baby Wipes
2180,Cheese
2180,Crisps
2180,Pasta
2180,Tomato Sauce
2181,Milk
2181,Tea
2181,Tomato Sauce
2182,Baby Wipes
2182,Cheese
2182,Coffee
2182,Eggs
2182,Nappies
2182,Pasta
2182,Tomato Sauce
2183,Bananas
2183,Bread
2183,Butter
2184,Baby Wipes
2184,Eggs
2184,Pasta
2184,Tomato Sauce
2185,Baby Wipes
2185,Bread
2185,Butter
2185,Coffee
2185,Milk
2185,Tea
2186,Bananas
2186,Coffee
2186,Soft Drinks
2186,Tomato Sauce
2187,Baby Wipes
2187,Crisps
2187,Eggs
2187,Nappies
2187,Pasta
2188,Baby Wipes
2188,Crisps
2188,Nappies
2188,Soft Drinks
2188,Sugar
2189,Bananas
2189,Bread
2189,Butter
2189,Coffee
2189,Crisps
2189,Pasta
2189,Soft Drinks
2189,Sugar
2189,Tomato Sauce
2190,Bananas
2190,Bread
2190,Butter
2190,Milk
2190,Pasta
2190,Tomato Sauce
2191,Bread
2191,Butter
2191,Eggs
2191,Pasta
2191,Tomato Sauce
2192,Bananas
2192,Cheese
2192,Crisps
2192,Sugar
2193,Crisps
2193,Eggs
2193,Milk
2193,Sugar
2193,Tea
2194,Bananas
2194,Butter
2194,Coffee
2194,Milk
2194,Tea
2195,Bread
2195,Cheese
2195,Crisps
2195,Milk
2195,Tea
2195,Tomato Sauce
2196,Baby Wipes
2196,Bread
2196,Butter
2196,Eggs
2196,Nappies
2196,Sugar
2197,Baby Wipes
2197,Bread
2197,Butter
2198,Coffee
2198,Eggs
2198,Pasta
2198,Sugar
2199,Bread
2199,Pasta
2199,Soft Drinks
2199,Tomato Sauce
2200,Baby Wipes
2200,Bread
2200,Butter
2200,Cheese
2200,Coffee
2200,Eggs
2200,Sugar
2201,Bread
2201,Butter
2201,Coffee
2201,Crisps
2201,Pasta
2201,Sugar
2201,Tomato Sauce
2202,Coffee
2202,Crisps
2202,Sugar
2203,Baby Wipes
2203,Bananas
2203,Butter
2203,Cheese
2203,Milk
2203,Nappies
2203,Tea
2203,Tomato Sauce
2204,Coffee
2204,Pasta
2204,Sugar
2205,Bread
2205,Butter
2205,Crisps
2205,Soft Drinks
2206,Baby Wipes
2206,Bread
2206,Butter
2206,Nappies
2206,Pasta
2206,Tomato Sauce
2207,Bananas
2207,Milk
2207,Tea
2208,Bread
2208,Butter
2208,Pasta
2208,Tomato Sauce
2209,Cheese
2209,Coffee
2209,Soft Drinks
2209,Tomato Sauce
2210,Baby Wipes
2210,Butter
2210,Crisps
2210,Milk
2210,Nappies
2210,Soft Drinks
2210,Sugar
2210,Tea
2211,Bread
2211,Eggs
2211,Soft Drinks
2211,Tomato Sauce
2212,Cheese
2212,Coffee
2212,Crisps
2212,Soft Drinks
2212,Sugar
2212,Tea
2213,Crisps
2213,Eggs
2213,Pasta
2213,Tomato Sauce
2214,Baby Wipes
2214,Eggs
2214,Nappies
2215,Baby Wipes
2215,Crisps
2215,Nappies
2215,Pasta
2215,Tomato Sauce
2216,Baby Wipes
2216,Coffee
2216,Crisps
2216,Eggs
2216,Nappies
2216,Pasta
2216,Soft Drinks
2216,Tomato Sauce
2217,Eggs
2217,Milk
2217,Sugar
2217,Tomato Sauce
2218,Bananas
2218,Bread
2219,Eggs
2219,Milk
2220,Bread
2220,Coffee
2220,Milk
2220,Sugar
2221,Baby Wipes
2221,Bananas
2221,Cheese
2221,Coffee
2221,Eggs
2221,Milk
2221,Tea
2222,Bananas
2222,Bread
2222,Butter
2222,Milk
2222,Tea
2223,Butter
2223,Cheese
2223,Crisps
2223,Soft Drinks
2224,Bananas
2224,Cheese
2224,Crisps
2225,Crisps
2225,Pasta
2225,Soft Drinks
2225,Tomato Sauce
2226,Bread
2226,Butter
2226,Eggs
2226,Soft Drinks
2226,Tea
2227,Bananas
2227,Bread
2227,Butter
2227,Coffee
2227,Eggs
2227,Nappies
2227,Soft Drinks
2227,Sugar
2228,Baby Wipes
2228,Coffee
2228,Nappies
2228,Pasta
2228,Sugar
2228,Tomato Sauce
2229,Baby Wipes
2229,Coffee
2229,Eggs
2229,Pasta
2229,Sugar
2229,Tea
2229,Tomato Sauce
2230,Bread
2230,Butter
2230,Crisps
2230,Pasta
2231,Baby Wipes
2231,Bread
2231,Butter
2231,Coffee
2231,Pasta
2231,Sugar
2231,Tomato Sauce
2232,Bananas
2232,Cheese
2232,Crisps
2232,Soft Drinks
2233,Eggs
2233,Milk
2233,Tea
2234,Bananas
2234,Soft Drinks
2235,Coffee
2235,Milk
2235,Tea
2236,Baby Wipes
2236,Bananas
2236,Bread
2236,Butter
2236,Eggs
2236,Nappies
2237,Bananas
2237,Cheese
2237,Coffee
2237,Tomato Sauce
2238,Bananas
2238,Coffee
2238,Crisps
2238,Milk
2238,Sugar
2239,Baby Wipes
2239,Bread
2239,Butter
2239,Nappies
2239,Sugar
2240,Baby Wipes
2240,Butter
2240,Crisps
2240,Eggs
2240,Milk
2240,Nappies
2240,Tea
2241,Baby Wipes
2241,Pasta
2241,Tomato Sauce
2242,Bananas
2242,Bread
2242,Butter
2242,Eggs
2243,Baby Wipes
2243,Bananas
2243,Bread
2243,Butter
2243,Coffee
2243,Milk
2243,Nappies
2244,Baby Wipes
2244,Bananas
2244,Bread
2244,Butter
2244,Sugar
2245,Baby Wipes
2245,Bread
2245,Butter
2245,Milk
2245,Nappies
2245,Tea
2246,Baby Wipes
2246,Nappies
2246,Tea
2247,Baby Wipes
2247,Bread
2247,Nappies
2247,Tomato Sauce
2248,Butter
2248,Cheese
2248,Coffee
2248,Pasta
2248,Tea
2248,Tomato Sauce
2249,Baby Wipes
2249,Bread
2249,Butter
2249,Crisps
2249,Eggs
2249,Milk
2249,Nappies
2249,Tea
2250,Bread
2250,Butter
2250,Coffee
2250,Sugar
2251,Bread
2251,Cheese
2251,Coffee
2251,Milk
2251,Sugar
2251,Tea
2252,Cheese
2252,Coffee
2252,Eggs
2252,Pasta
2252,Tea
2252,Tomato Sauce
2253,Coffee
2253,Pasta
2253,Sugar
2253,Tomato Sauce
2254,Baby Wipes
2254,Butter
2254,Cheese
2254,Coffee
2254,Pasta
2254,Sugar
2255,Bread
2255,Coffee
2256,Baby Wipes
2256,Pasta
2257,Cheese
2257,Milk
2257,Soft Drinks
2257,Tea
2258,Baby Wipes
2258,Cheese
2258,Milk
2258,Nappies
2258,Sugar
2259,Bread
2259,Butter
2259,Crisps
2259,Eggs
2259,Soft Drinks
2260,Baby Wipes
2260,Bananas
2260,Butter
2260,Cheese
2260,Eggs
2260,Nappies
2260,Pasta
2260,Tomato Sauce
2261,Coffee
2261,Nappies
2261,Sugar
2262,Bananas
2262,Crisps
2262,Eggs
2262,Soft Drinks
2263,Baby Wipes
2263,Bread
2263,Butter
2263,Crisps
2263,Nappies
2264,Baby Wipes
2264,Milk
2264,Tea
2265,Bread
2265,Butter
2265,Crisps
2265,Eggs
2265,Milk
2265,Soft Drinks
2266,Bananas
2266,Cheese
2266,Crisps
2266,Milk
2266,Pasta
2266,Soft Drinks
2266,Sugar
2266,Tomato Sauce
2267,Baby Wipes
2267,Cheese
2268,Bread
2268,Milk
2268,Tea
2269,Bananas
2269,Milk
2269,Nappies
2269,Pasta
2269,Soft Drinks
2269,Sugar
2270,Pasta
2270,Sugar
2270,Tomato Sauce
2271,Coffee
2271,Milk
2271,Soft Drinks
2271,Sugar
2271,Tea
2272,Baby Wipes
2272,Eggs
2273,Bananas
2273,Bread
2273,Butter
2273,Cheese
2273,Pasta
2274,Baby Wipes
2274,Bread
2274,Butter
2274,Cheese
2274,Crisps
2274,Eggs
2274,Nappies
2274,Soft Drinks
2275,Eggs
2275,Milk
2275,Sugar
2276,Baby Wipes
2276,Bread
2276,Butter
2276,Cheese
2276,Coffee
2276,Nappies
2276,Pasta
2276,Sugar
2276,Tea
2277,Baby Wipes
2277,Bananas
2277,Bread
2277,Butter
2277,Cheese
2277,Milk
2277,Tea
2278,Crisps
2278,Eggs
2278,Pasta
2278,Soft Drinks
2278,Tomato Sauce
2279,Coffee
2279,Crisps
2280,Bread
2280,Butter
2280,Tea
2281,Bananas
2281,Cheese
2281,Eggs
2281,Milk
2281,Soft Drinks
2282,Baby Wipes
2282,Butter
2282,Tea
2283,Baby Wipes
2283,Bananas
2283,Nappies
2284,Cheese
2284,Nappies
2284,Tea
2285,Baby Wipes
2285,Bread
2285,Butter
2285,Nappies
2286,Bananas
2286,Milk
2286,Nappies
2286,Pasta
2286,Tea
2286,Tomato Sauce
2287,Cheese
2287,Eggs
2287,Pasta
2287,Tea
2288,Bread
2288,Butter
2288,Cheese
2288,Milk
2288,Sugar
2288,Tea
2288,Tomato Sauce
2289,Nappies
2289,Sugar
2290,Bread
2290,Butter
2290,Crisps
2290,Pasta
2290,Soft Drinks
2290,Sugar
2290,Tomato Sauce
2291,Butter
2291,Cheese
2291,Coffee
2291,Crisps
2291,Pasta
2291,Sugar
2291,Tomato Sauce
2292,Bread
2292,Cheese
2292,Eggs
2292,Tomato Sauce
2293,Baby Wipes
2293,Bread
2293,Milk
2293,Nappies
2293,Soft Drinks
2293,Tea
2294,Baby Wipes
2294,Eggs
2294,Nappies
2294,Pasta
2294,Tea
2294,Tomato Sauce
2295,Crisps
2295,Milk
2295,Pasta
2295,Soft Drinks
2295,Sugar
2295,Tea
2295,Tomato Sauce
2296,Baby Wipes
2296,Bananas
2296,Nappies
2296,Sugar
2296,Tomato Sauce
2297,Butter
2297,Crisps
2297,Milk
2297,Soft Drinks
2297,Sugar
2297,Tea
2298,Cheese
2298,Coffee
2298,Crisps
2298,Pasta
2298,Soft Drinks
2298,Sugar
2298,Tomato Sauce
2299,Baby Wipes
2299,Crisps
2299,Milk
2299,Pasta
2299,Tomato Sauce
2300,Bread
2300,Cheese
2300,Eggs
2300,Milk
2300,Tea
2301,Bananas
2301,Butter
2301,Eggs
2301,Soft Drinks
2302,Baby Wipes
2302,Cheese
2302,Nappies
2302,Pasta
2302,Tomato Sauce
2303,Bananas
2303,Cheese
2303,Crisps
2303,Milk
2303,Soft Drinks
2304,Baby Wipes
2304,Bread
2304,Butter
2304,Crisps
2304,Nappies
2304,Pasta
2304,Soft Drinks
2304,Tomato Sauce
2305,Baby Wipes
2305,Butter
2305,Crisps
2306,Coffee
2306,Nappies
2306,Sugar
2307,Baby Wipes
2307,Bananas
2307,Coffee
2307,Crisps
2307,Nappies
2307,Pasta
2307,Sugar
2308,Baby Wipes
2308,Nappies
2308,Soft Drinks
2309,Bread
2309,Butter
2309,Eggs
2309,Sugar
2310,Baby Wipes
2310,Cheese
2310,Coffee
2310,Milk
2310,Nappies
2310,Soft Drinks
2311,Cheese
2311,Coffee
2312,Baby Wipes
2312,Bananas
2312,Bread
2312,Butter
2312,Milk
2312,Nappies
2312,Tea
2313,Bananas
2313,Bread
2313,Butter
2313,Cheese
2313,Crisps
2313,Soft Drinks
2314,Bananas
2314,Butter
2314,Coffee
2314,Crisps
2314,Eggs
2314,Soft Drinks
2315,Baby Wipes
2315,Coffee
2315,Crisps
2315,Milk
2315,Nappies
2315,Soft Drinks
2315,Sugar
2316,Baby Wipes
2316,Butter
2316,Crisps
2316,Nappies
2316,Pasta
2316,Tea
2316,Tomato Sauce
2317,Baby Wipes
2317,Bread
2317,Nappies
2317,Sugar
2318,Bread
2318,Butter
2318,Eggs
2318,Tomato Sauce
2319,Eggs
2319,Pasta
2319,Sugar
2319,Tea
2319,Tomato Sauce
2320,Baby Wipes
2320,Cheese
2320,Coffee
2320,Milk
2320,Nappies
2320,Pasta
2320,Sugar
2321,Baby Wipes
2321,Bread
2321,Butter
2321,Coffee
2321,Milk
2321,Nappies
2321,Sugar
2321,Tea
2322,Baby Wipes
2322,Butter
2322,Cheese
2322,Milk
2322,Nappies
2322,Tea
2323,Butter
2323,Coffee
2323,Milk
2323,Sugar
2323,Tea
2324,Bread
2324,Butter
2324,Crisps
2324,Eggs
2324,Soft Drinks
2324,Tea
2325,Bread
2325,Cheese
2326,Baby Wipes
2326,Bananas
2326,Butter
2326,Eggs
2326,Nappies
2327,Baby Wipes
2327,Eggs
2327,Milk
2327,Nappies
2327,Pasta
2327,Sugar
2327,Tea
2328,Butter
2328,Crisps
2328,Pasta
2328,Tea
2328,Tomato Sauce
2329,Baby Wipes
2329,Crisps
2329,Eggs
2329,Nappies
2329,Sugar
2329,Tea
2330,Bananas
2330,Cheese
2330,Coffee
2330,Soft Drinks
2330,Sugar
2331,Bread
2331,Butter
2331,Crisps
2331,Soft Drinks
2331,Sugar
2332,Bananas
2332,Cheese
2332,Coffee
2332,Sugar
2332,Tomato Sauce
2333,Coffee
2333,Eggs
2333,Milk
2333,Sugar
2334,Crisps
2334,Pasta
2334,Soft Drinks
2334,Tomato Sauce
2335,Baby Wipes
2335,Butter
2335,Cheese
2336,Coffee
2336,Crisps
2336,Eggs
2336,Pasta
2336,Sugar
2337,Bread
2337,Butter
2337,Crisps
2337,Eggs
2337,Soft Drinks
2338,Baby Wipes
2338,Bananas
2338,Cheese
2338,Nappies
2339,Bread
2339,Butter
2339,Milk
2340,Bread
2340,Butter
2340,Coffee
2340,Crisps
2340,Eggs
2340,Soft Drinks
2340,Sugar
2341,Coffee
2341,Crisps
2342,Baby Wipes
2342,Bananas
2342,Coffee
2342,Milk
2342,Nappies
2342,Pasta
2342,Tea
2342,Tomato Sauce
2343,Bananas
2343,Coffee
2343,Milk
2343,Sugar
2344,Coffee
2344,Milk
2344,Sugar
2345,Coffee
2345,Pasta
2346,Baby Wipes
2346,Nappies
2346,Sugar
2347,Bread
2347,Butter
2347,Pasta
2347,Tea
2347,Tomato Sauce
2348,Baby Wipes
2348,Bread
2348,Butter
2348,Eggs
2348,Milk
2348,Pasta
2348,Sugar
2348,Tomato Sauce
2349,Bread
2349,Butter
2349,Crisps
2349,Nappies
2349,Soft Drinks
2349,Sugar
2349,Tea
2350,Butter
2350,Crisps
2350,Pasta
2350,Tea
2351,Baby Wipes
2351,Bread
2351,Butter
2351,Coffee
2351,Crisps
2351,Nappies
2351,Pasta
2351,Soft Drinks
2351,Sugar
2351,Tomato Sauce
2352,Baby Wipes
2352,Butter
2352,Milk
2352,Nappies
2352,Pasta
2352,Soft Drinks
2352,Tea
2353,Baby Wipes
2353,Butter
2353,Nappies
2353,Tea
2354,Baby Wipes
2354,Bananas
2354,Bread
2354,Butter
2354,Coffee
2354,Nappies
2354,Sugar
2355,Cheese
2355,Coffee
2355,Crisps
2355,Milk
2355,Pasta
2355,Soft Drinks
2355,Tomato Sauce
2356,Baby Wipes
2356,Bananas
2356,Cheese
2356,Milk
2356,Nappies
2356,Tomato Sauce
2357,Bananas
2357,Bread
2357,Butter
2357,Eggs
2358,Baby Wipes
2358,Bread
2358,Butter
2359,Baby Wipes
2359,Coffee
2359,Crisps
2359,Eggs
2359,Sugar
2360,Bread
2360,Butter
2360,Crisps
2360,Milk
2360,Tea
2360,Tomato Sauce
2361,Bananas
2361,Cheese
2361,Sugar
2362,Baby Wipes
2362,Cheese
2362,Nappies
2362,Soft Drinks
2362,Tea
2362,Tomato Sauce
2363,Baby Wipes
2363,Eggs
2363,Milk
2363,Nappies
2363,Sugar
2364,Baby Wipes
2364,Cheese
2364,Crisps
2364,Milk
2364,Nappies
2364,Soft Drinks
2365,Butter
2365,Cheese
2365,Milk
2365,Tea
2365,Tomato Sauce
2366,Baby Wipes
2366,Bananas
2366,Coffee
2366,Eggs
2366,Nappies
2366,Sugar
2367,Cheese
2367,Coffee
2368,Bread
2368,Crisps
2368,Soft Drinks
2369,Baby Wipes
2369,Bread
2370,Baby Wipes
2370,Bread
2370,Butter
2370,Nappies
2371,Cheese
2371,Eggs
2371,Sugar
2372,Bananas
2372,Pasta
2372,Tomato Sauce
2373,Baby Wipes
2373,Butter
2373,Coffee
2373,Nappies
2373,Sugar
2373,Tea
2374,Bananas
2374,Pasta
2374,Sugar
2374,Tomato Sauce
2375,Baby Wipes
2375,Bananas
2375,Cheese
2375,Eggs
2375,Milk
2375,Nappies
2375,Tea
2376,Cheese
2376,Coffee
2377,Baby Wipes
2377,Eggs
2377,Nappies
2377,Pasta
2377,Tomato Sauce
2378,Bananas
2378,Tomato Sauce
2379,Baby Wipes
2379,Bananas
2379,Pasta
2379,Tea
2380,Bananas
2380,Pasta
2380,Tomato Sauce
2381,Cheese
2381,Crisps
2381,Eggs
2381,Milk
2381,Soft Drinks
2382,Baby Wipes
2382,Cheese
2382,Coffee
2382,Nappies
2382,Sugar
2383,Baby Wipes
2383,Bananas
2383,Bread
2383,Butter
2383,Cheese
2383,Crisps
2383,Nappies
2383,Tea
2384,Baby Wipes
2384,Bananas
2384,Bread
2384,Butter
2384,Cheese
2384,Crisps
2384,Nappies
2384,Pasta
2384,Tomato Sauce
2385,Bananas
2385,Crisps
2385,Milk
2385,Soft Drinks
2385,Tea
2386,Baby Wipes
2386,Milk
2386,Nappies
2386,Tea
2386,Tomato Sauce
2387,Baby Wipes
2387,Crisps
2387,Nappies
2387,Pasta
2387,Soft Drinks
2388,Baby Wipes
2388,Bread
2388,Butter
2388,Coffee
2388,Crisps
2388,Nappies
2388,Soft Drinks
2388,Sugar
2389,Baby Wipes
2389,Butter
2389,Coffee
2389,Milk
2389,Sugar
2389,Tea
2390,Cheese
2390,Eggs
2390,Milk
2390,Tea
2390,Tomato Sauce
2391,Coffee
2391,Crisps
2391,Eggs
2391,Milk
2391,Soft Drinks
2392,Milk
2392,Pasta
2392,Tomato Sauce
2393,Cheese
2393,Eggs
2394,Baby Wipes
2394,Cheese
2394,Coffee
2394,Nappies
2394,Pasta
2394,Sugar
2394,Tea
2394,Tomato Sauce
2395,Baby Wipes
2395,Bananas
2395,Eggs
2395,Milk
2395,Pasta
2395,Tomato Sauce
2396,Baby Wipes
2396,Crisps
2396,Milk
2396,Nappies
2396,Pasta
2396,Tea
2396,Tomato Sauce
2397,Baby Wipes
2397,Bananas
2397,Eggs
2397,Nappies
2397,Sugar
2398,Crisps
2398,Pasta
2398,Soft Drinks
2398,Tomato Sauce
2399,Bananas
2399,Bread
2399,Butter
2399,Cheese
2399,Crisps
2399,Milk
2399,Soft Drinks
2399,Tea
2399,Tomato Sauce
2400,Baby Wipes
2400,Bananas
2400,Bread
2400,Cheese
2400,Nappies
2400,Sugar
2400,Tomato Sauce
2401,Pasta
2401,Soft Drinks
2401,Sugar
2401,Tomato Sauce
2402,Baby Wipes
2402,Butter
2402,Cheese
2402,Eggs
2402,Tea
2402,Tomato Sauce
2403,Baby Wipes
2403,Nappies
2403,Pasta
2403,Tomato Sauce
2404,Baby Wipes
2404,Butter
2404,Eggs
2404,Nappies
2404,Sugar
2404,Tea
2405,Baby Wipes
2405,Bananas
2405,Bread
2405,Cheese
2405,Eggs
2406,Baby Wipes
2406,Bananas
2406,Eggs
2406,Nappies
2406,Soft Drinks
2406,Tea
2407,Coffee
2407,Eggs
2407,Sugar
2408,Bananas
2408,Butter
2408,Cheese
2408,Coffee
2408,Eggs
2408,Milk
2408,Sugar
2409,Baby Wipes
2409,Bread
2409,Butter
2409,Milk
2409,Nappies
2409,Pasta
2409,Tomato Sauce
2410,Baby Wipes
2410,Cheese
2410,Milk
2410,Nappies
2410,Sugar
2410,Tea
2411,Baby Wipes
2411,Bread
2411,Butter
2411,Coffee
2411,Crisps
2411,Pasta
2411,Soft Drinks
2411,Sugar
2412,Bread
2412,Butter
2412,Coffee
2412,Milk
2412,Pasta
2412,Sugar
2412,Tea
2412,Tomato Sauce
2413,Bread
2413,Butter
2413,Pasta
2414,Baby Wipes
2414,Butter
2414,Nappies
2414,Pasta
2414,Sugar
2414,Tomato Sauce
2415,Bread
2415,Butter
2415,Eggs
2416,Baby Wipes
2416,Cheese
2416,Nappies
2416,Pasta
2416,Tomato Sauce
2417,Baby Wipes
2417,Nappies
2417,Tomato Sauce
2418,Baby Wipes
2418,Bananas
2418,Cheese
2418,Coffee
2418,Crisps
2418,Sugar
2419,Bread
2419,Coffee
2419,Milk
2419,Sugar
2419,Tea
2420,Baby Wipes
2420,Butter
2420,Nappies
2421,Bananas
2421,Crisps
2421,Eggs
2422,Cheese
2422,Sugar
2423,Bananas
2423,Coffee
2423,Crisps
2423,Pasta
2423,Soft Drinks
2423,Sugar
2424,Crisps
2424,Eggs
2424,Milk
2424,Soft Drinks
2424,Sugar
2424,Tea
2425,Bread
2425,Butter
2425,Cheese
2425,Crisps
2425,Soft Drinks
2425,Sugar
2425,Tea
2426,Baby Wipes
2426,Bread
2426,Butter
2426,Crisps
2426,Pasta
2427,Baby Wipes
2427,Crisps
2427,Pasta
2427,Soft Drinks
2427,Tomato Sauce
2428,Baby Wipes
2428,Bread
2428,Eggs
2428,Nappies
2428,Pasta
2428,Tomato Sauce
2429,Bread
2429,Butter
2429,Milk
2429,Tomato Sauce
2430,Cheese
2430,Milk
2430,Soft Drinks
2431,Coffee
2431,Soft Drinks
2432,Baby Wipes
2432,Cheese
2432,Milk
2432,Pasta
2432,Tea
2432,Tomato Sauce
2433,Bread
2433,Butter
2433,Cheese
2433,Coffee
2433,Crisps
2433,Soft Drinks
2433,Tea
2434,Bread
2434,Butter
2434,Coffee
2434,Crisps
2434,Eggs
2434,Soft Drinks
2434,Sugar
2435,Bread
2435,Coffee
2435,Pasta
2436,Baby Wipes
2436,Cheese
2436,Coffee
2436,Pasta
2436,Sugar
2436,Tomato Sauce
2437,Bread
2437,Butter
2437,Coffee
2437,Nappies
2437,Pasta
2437,Sugar
2438,Bread
2438,Butter
2438,Coffee
2438,Tea
2439,Bananas
2439,Cheese
2439,Tea
2440,Coffee
2440,Nappies
2440,Sugar
2441,Baby Wipes
2441,Bananas
2441,Crisps
2441,Milk
2441,Pasta
2441,Soft Drinks
2442,Cheese
2442,Milk
2442,Pasta
2442,Tomato Sauce
2443,Butter
2443,Coffee
2443,Nappies
2443,Pasta
2443,Tomato Sauce
2444,Baby Wipes
2444,Butter
2444,Cheese
2444,Nappies
2444,Pasta
2444,Soft Drinks
2445,Bread
2445,Butter
2445,Crisps
2445,Pasta
2445,Tomato Sauce
2446,Baby Wipes
2446,Nappies
2446,Soft Drinks
2447,Bread
2447,Butter
2447,Milk
2448,Coffee
2448,Milk
2448,Sugar
2449,Milk
2449,Sugar
2449,Tomato Sauce
2450,Bread
2450,Tomato Sauce
2451,Bananas
2451,Bread
2451,Butter
2451,Cheese
2451,Crisps
2451,Eggs
2451,Soft Drinks
2452,Butter
2452,Crisps
2452,Soft Drinks
2452,Tea
2453,Coffee
2453,Crisps
2453,Nappies
2453,Soft Drinks
2454,Butter
2454,Sugar
2455,Cheese
2455,Crisps
2455,Soft Drinks
2455,Sugar
2456,Baby Wipes
2456,Butter
2456,Coffee
2456,Crisps
2456,Pasta
2456,Soft Drinks
2456,Sugar
2456,Tomato Sauce
2457,Baby Wipes
2457,Bread
2457,Coffee
2458,Coffee
2458,Milk
2458,Sugar
2459,Cheese
2459,Milk
2459,Soft Drinks
2459,Tomato Sauce
2460,Bananas
2460,Cheese
2460,Tomato Sauce
2461,Baby Wipes
2461,Cheese
2461,Crisps
2461,Eggs
2461,Milk
2461,Nappies
2461,Soft Drinks
2461,Sugar
2461,Tea
2462,Baby Wipes
2462,Cheese
2462,Crisps
2462,Pasta
2462,Tea
2462,Tomato Sauce
2463,Baby Wipes
2463,Bread
2463,Butter
2463,Crisps
2463,Eggs
2463,Soft Drinks
2463,Sugar
2463,Tomato Sauce
2464,Baby Wipes
2464,Bread
2464,Crisps
2464,Eggs
2464,Nappies
2464,Soft Drinks
2464,Tea
2465,Butter
2465,Cheese
2465,Crisps
2465,Eggs
2465,Soft Drinks
2466,Milk
2466,Tea
2466,Tomato Sauce
2467,Baby Wipes
2467,Bread
2467,Butter
2467,Eggs
2467,Milk
2467,Tea
2468,Baby Wipes
2468,Coffee
2468,Eggs
2468,Milk
2468,Nappies
2468,Pasta
2468,Sugar
2468,Tea
2468,Tomato Sauce
2469,Baby Wipes
2469,Butter
2469,Cheese
2469,Crisps
2469,Milk
2469,Nappies
2469,Soft Drinks
2469,Tea
2470,Baby Wipes
2470,Bananas
2470,Butter
2470,Coffee
2470,Nappies
2470,Soft Drinks
2470,Sugar
2471,Baby Wipes
2471,Bread
2471,Coffee
2471,Milk
2471,Nappies
2471,Tea
2471,Tomato Sauce
2472,Bananas
2472,Pasta
2472,Tea
2472,Tomato Sauce
2473,Bananas
2473,Sugar
2474,Eggs
2474,Nappies
2474,Pasta
2474,Tomato Sauce
2475,Baby Wipes
2475,Bananas
2475,Butter
2476,Baby Wipes
2476,Coffee
2476,Sugar
2477,Bread
2477,Butter
2477,Cheese
2478,Baby Wipes
2478,Butter
2478,Eggs
2478,Pasta
2478,Tomato Sauce
2479,Bananas
2479,Butter
2479,Coffee
2479,Nappies
2479,Soft Drinks
2479,Sugar
2479,Tomato Sauce
2480,Baby Wipes
2480,Milk
2480,Nappies
2480,Tea
2481,Crisps
2481,Soft Drinks
2481,Sugar
2482,Bread
2482,Cheese
2482,Crisps
2482,Milk
2482,Sugar
2482,Tea
2483,Bread
2483,Coffee
2483,Eggs
2483,Nappies
2483,Sugar
2483,Tomato Sauce
2484,Baby Wipes
2484,Bread
2484,Eggs
2484,Nappies
2484,Sugar
2484,Tea
2484,Tomato Sauce
2485,Bread
2485,Butter
2485,Eggs
2485,Milk
2485,Nappies
2485,Pasta
2485,Tomato Sauce
2486,Coffee
2486,Crisps
2486,Eggs
2486,Soft Drinks
2486,Sugar
2487,Baby Wipes
2487,Cheese
2487,Crisps
2487,Soft Drinks
2487,Sugar
2487,Tea
2488,Butter
2488,Crisps
2488,Eggs
2488,Milk
2488,Pasta
2488,Tea
2488,Tomato Sauce
2489,Bananas
2489,Butter
2489,Eggs
2489,Milk
2489,Pasta
2489,Soft Drinks
2489,Tomato Sauce
2490,Coffee
2490,Eggs
2490,Milk
2491,Baby Wipes
2491,Crisps
2491,Milk
2491,Pasta
2491,Soft Drinks
2491,Sugar
2492,Butter
2492,Eggs
2493,Bananas
2493,Milk
2493,Sugar
2494,Bread
2494,Butter
2494,Coffee
2494,Pasta
2494,Sugar
2494,Tomato Sauce
2495,Butter
2495,Cheese
2495,Coffee
2495,Sugar
2496,Baby Wipes
2496,Milk
2496,Nappies
2497,Baby Wipes
2497,Bananas
2497,Bread
2497,Coffee
2497,Nappies
2497,Tomato Sauce
2498,Baby Wipes
2498,Cheese
2498,Nappies
2498,Pasta
2498,Tomato Sauce
2499,Baby Wipes
2499,Bananas
2499,Bread
2499,Cheese
2499,Nappies
2499,Pasta
2500,Bread
2500,Butter
2500,Crisps
2500,Pasta
2500,Soft Drinks
2500,Tea
2501,Baby Wipes
2501,Butter
2501,Nappies
2501,Tea
2502,Bananas
2502,Coffee
2502,Crisps
2502,Eggs
2502,Pasta
2502,Soft Drinks
2503,Baby Wipes
2503,Bananas
2503,Bread
2503,Butter
2503,Cheese
2503,Crisps
2503,Eggs
2504,Baby Wipes
2504,Bananas
2504,Bread
2504,Butter
2504,Milk
2504,Soft Drinks
2504,Tea
2505,Coffee
2505,Crisps
2505,Pasta
2505,Soft Drinks
2505,Tomato Sauce
2506,Bananas
2506,Cheese
2506,Coffee
2506,Milk
2506,Sugar
2506,Tea
2507,Baby Wipes
2507,Crisps
2507,Milk
2507,Nappies
2507,Soft Drinks
2507,Tea
2507,Tomato Sauce
2508,Baby Wipes
2508,Crisps
2508,Nappies
2508,Pasta
2509,Eggs
2509,Pasta
2509,Tomato Sauce
2510,Baby Wipes
2510,Bananas
2510,Nappies
2510,Soft Drinks
2510,Sugar
2511,Bread
2511,Butter
2511,Cheese
2511,Milk
2511,Pasta
2511,Soft Drinks
2511,Sugar
2511,Tomato Sauce
2512,Bread
2512,Cheese
2512,Milk
2513,Baby Wipes
2513,Crisps
2513,Milk
2513,Nappies
2513,Tomato Sauce
2514,Bread
2514,Butter
2514,Milk
2514,Pasta
2514,Tomato Sauce
2515,Baby Wipes
2515,Cheese
2515,Coffee
2515,Soft Drinks
2516,Baby Wipes
2516,Butter
2516,Cheese
2516,Coffee
2516,Milk
2517,Cheese
2517,Pasta
2517,Tomato Sauce
2518,Baby Wipes
2518,Crisps
2518,Eggs
2518,Pasta
2518,Tea
2519,Bread
2519,Butter
2519,Cheese
2519,Coffee
2519,Pasta
2519,Sugar
2519,Tomato Sauce
2520,Baby Wipes
2520,Bread
2520,Butter
2520,Eggs
2521,Bread
2521,Cheese
2521,Coffee
2521,Crisps
2521,Milk
2521,Soft Drinks
2521,Sugar
2521,Tea
2522,Milk
2522,Pasta
2522,Soft Drinks
2522,Tomato Sauce
2523,Cheese
2523,Eggs
2524,Baby Wipes
2524,Milk
2524,Nappies
2524,Pasta
2524,Tea
2524,Tomato Sauce
2525,Bananas
2525,Bread
2525,Butter
2525,Cheese
2525,Eggs
2525,Pasta
2526,Bananas
2526,Butter
2526,Crisps
2526,Eggs
2526,Nappies
2526,Tea
2527,Baby Wipes
2527,Bananas
2527,Cheese
2527,Crisps
2527,Milk
2528,Bananas
2528,Bread
2528,Butter
2528,Cheese
2528,Sugar
2528,Tomato Sauce
2529,Bananas
2529,Bread
2529,Butter
2529,Soft Drinks
2529,Sugar
2530,Baby Wipes
2530,Bananas
2530,Bread
2530,Butter
2530,Cheese
2530,Milk
2530,Nappies
2530,Tomato Sauce
2531,Butter
2531,Coffee
2531,Eggs
2531,Nappies
2532,Baby Wipes
2532,Bananas
2532,Coffee
2532,Crisps
2532,Milk
2532,Nappies
2532,Soft Drinks
2532,Sugar
2532,Tea
2533,Baby Wipes
2533,Bread
2533,Butter
2533,Nappies
2533,Pasta
2534,Baby Wipes
2534,Bananas
2534,Bread
2534,Butter
2534,Coffee
2534,Eggs
2534,Nappies
2535,Bread
2535,Butter
2535,Coffee
2535,Tomato Sauce
2536,Coffee
2536,Eggs
2536,Sugar
2537,Bananas
2537,Coffee
2537,Sugar
2538,Bread
2538,Butter
2538,Crisps
2538,Soft Drinks
2539,Bananas
2539,Cheese
2539,Coffee
2539,Crisps
2539,Sugar
2540,Baby Wipes
2540,Bread
2540,Butter
2540,Eggs
2540,Nappies
2540,Sugar
2541,Bananas
2541,Bread
2541,Crisps
2541,Soft Drinks
2541,Tea
2542,Bananas
2542,Butter
2542,Pasta
2542,Tea
2542,Tomato Sauce
2543,Baby Wipes
2543,Butter
2544,Baby Wipes
2544,Bananas
2544,Bread
2544,Coffee
2544,Pasta
2544,Sugar
2545,Bananas
2545,Bread
2545,Eggs
2545,Tomato Sauce
2546,Bread
2546,Butter
2546,Coffee
2547,Bread
2547,Butter
2547,Crisps
2547,Soft Drinks
2547,Sugar
2548,Baby Wipes
2548,Bananas
2548,Bread
2548,Butter
2548,Pasta
2548,Tomato Sauce
2549,Bread
2549,Butter
2549,Milk
2549,Nappies
2549,Pasta
2549,Tea
2549,Tomato Sauce
2550,Bananas
2550,Bread
2550,Butter
2550,Coffee
2550,Crisps
2550,Soft Drinks
2550,Sugar
2551,Baby Wipes
2551,Sugar
2552,Bread
2552,Butter
2552,Cheese
2552,Coffee
2552,Crisps
2552,Milk
2552,Soft Drinks
2553,Baby Wipes
2553,Butter
2553,Nappies
2554,Baby Wipes
2554,Bananas
2554,Bread
2554,Butter
2554,Coffee
2554,Nappies
2554,Sugar
2554,Tomato Sauce
2555,Butter
2555,Cheese
2555,Eggs
2556,Baby Wipes
2556,Bananas
2556,Crisps
2556,Eggs
2556,Nappies
2556,Pasta
2556,Soft Drinks
2557,Soft Drinks
2557,Sugar
2558,Baby Wipes
2558,Crisps
2558,Nappies
2558,Pasta
2558,Soft Drinks
2558,Sugar
2558,Tea
2558,Tomato Sauce
2559,Bread
2559,Butter
2559,Eggs
2559,Pasta
2559,Sugar
2559,Tomato Sauce
2560,Bananas
2560,Bread
2560,Butter
2560,Coffee
2561,Coffee
2561,Crisps
2561,Milk
2561,Sugar
2562,Bananas
2562,Bread
2562,Crisps
2562,Milk
2562,Tea
2563,Butter
2563,Coffee
2563,Sugar
2564,Bread
2564,Crisps
2564,Soft Drinks
2565,Baby Wipes
2565,Milk
2565,Tomato Sauce
2566,Baby Wipes
2566,Coffee
2566,Milk
2566,Nappies
2566,Tea
2567,Baby Wipes
2567,Butter
2567,Coffee
2567,Crisps
2567,Sugar
2567,Tea
2568,Baby Wipes
2568,Bread
2568,Butter
2568,Coffee
2568,Crisps
2568,Eggs
2568,Nappies
2568,Pasta
2568,Tomato Sauce
2569,Baby Wipes
2569,Bread
2569,Butter
2569,Cheese
2569,Crisps
2569,Milk
2569,Soft Drinks
2569,Sugar
2570,Bananas
2570,Crisps
2570,Eggs
2570,Soft Drinks
2570,Sugar
2571,Baby Wipes
2571,Sugar
2571,Tomato Sauce
2572,Baby Wipes
2572,Coffee
2572,Nappies
2572,Pasta
2573,Baby Wipes
2573,Bananas
2573,Bread
2573,Crisps
2573,Nappies
2573,Pasta
2573,Soft Drinks
2573,Tomato Sauce
2574,Baby Wipes
2574,Eggs
2574,Nappies
2575,Bread
2575,Butter
2575,Coffee
2575,Crisps
2575,Eggs
2575,Soft Drinks
2575,Sugar
2575,Tomato Sauce
2576,Bread
2576,Butter
2576,Pasta
2576,Tea
2576,Tomato Sauce
2577,Baby Wipes
2577,Bananas
2577,Eggs
2577,Nappies
2578,Butter
2578,Coffee
2579,Baby Wipes
2579,Bananas
2579,Cheese
2579,Crisps
2579,Nappies
2580,Baby Wipes
2580,Bread
2580,Butter
2580,Coffee
2580,Crisps
2580,Nappies
2580,Sugar
2581,Crisps
2581,Eggs
2582,Baby Wipes
2582,Bananas
2582,Crisps
2582,Nappies
2582,Pasta
2582,Tomato Sauce
2583,Bread
2583,Butter
2583,Crisps
2583,Eggs
2583,Milk
2583,Pasta
2583,Soft Drinks
2584,Cheese
2584,Crisps
2584,Tea
2585,Coffee
2585,Crisps
2585,Milk
2585,Tea
2586,Bananas
2586,Eggs
2586,Pasta
2587,Baby Wipes
2587,Bananas
2587,Crisps
2587,Pasta
2587,Tomato Sauce
2588,Baby Wipes
2588,Bread
2588,Butter
2588,Eggs
2588,Pasta
2589,Baby Wipes
2589,Bread
2589,Butter
2589,Coffee
2589,Crisps
2589,Nappies
2589,Pasta
2589,Soft Drinks
2589,Tomato Sauce
2590,Baby Wipes
2590,Bananas
2590,Nappies
2590,Soft Drinks
2591,Bananas
2591,Bread
2591,Butter
2591,Coffee
2591,Crisps
2591,Soft Drinks
2592,Baby Wipes
2592,Eggs
2592,Milk
2592,Nappies
2592,Pasta
2592,Soft Drinks
2592,Tea
2592,Tomato Sauce
2593,Baby Wipes
2593,Bread
2593,Butter
2593,Cheese
2593,Pasta
2594,Baby Wipes
2594,Bread
2594,Coffee
2594,Nappies
2594,Sugar
2595,Baby Wipes
2595,Coffee
2595,Crisps
2595,Nappies
2595,Pasta
2595,Soft Drinks
2595,Sugar
2595,Tomato Sauce
2596,Baby Wipes
2596,Bananas
2596,Bread
2596,Milk
2596,Pasta
2596,Tea
2596,Tomato Sauce
2597,Bananas
2597,Crisps
2597,Milk
2597,Pasta
2597,Soft Drinks
2597,Tea
2597,Tomato Sauce
2598,Baby Wipes
2598,Cheese
2598,Nappies
2599,Baby Wipes
2599,Coffee
2599,Crisps
2599,Milk
2599,Pasta
2599,Sugar
2599,Tomato Sauce
2600,Butter
2600,Crisps
2600,Pasta
2600,Tomato Sauce
2601,Baby Wipes
2601,Bread
2601,Butter
2601,Eggs
2601,Milk
2601,Nappies
2601,Pasta
2602,Bread
2602,Crisps
2602,Milk
2602,Pasta
2602,Soft Drinks
2602,Tomato Sauce
2603,Baby Wipes
2603,Bananas
2603,Coffee
2603,Crisps
2603,Nappies
2603,Pasta
2603,Sugar
2603,Tomato Sauce
2604,Baby Wipes
2604,Cheese
2604,Nappies
2605,Baby Wipes
2605,Cheese
2605,Crisps
2605,Nappies
2605,Soft Drinks
2606,Bread
2606,Butter
2606,Tea
2606,Tomato Sauce
2607,Baby Wipes
2607,Crisps
2607,Eggs
2607,Nappies
2607,Soft Drinks
2607,Tea
2608,Baby Wipes
2608,Bananas
2608,Eggs
2608,Nappies
2608,Soft Drinks
2608,Tea
2609,Baby Wipes
2609,Bananas
2609,Butter
2609,Milk
2609,Nappies
2609,Tomato Sauce
2610,Butter
2610,Cheese
2610,Coffee
2610,Pasta
2610,Tomato Sauce
2611,Baby Wipes
2611,Bread
2611,Butter
2611,Coffee
2611,Milk
2611,Sugar
2611,Tea
2612,Baby Wipes
2612,Bananas
2612,Bread
2612,Butter
2612,Eggs
2612,Milk
2612,Nappies
2613,Baby Wipes
2613,Bananas
2613,Bread
2613,Butter
2613,Nappies
2614,Baby Wipes
2614,Butter
2614,Nappies
2614,Pasta
2614,Tomato Sauce
2615,Crisps
2615,Sugar
2615,Tomato Sauce
2616,Bananas
2616,Bread
2616,Coffee
2617,Baby Wipes
2617,Bananas
2617,Bread
2617,Butter
2617,Cheese
2617,Milk
2617,Nappies
2617,Sugar
2617,Tea
2618,Bread
2618,Soft Drinks
2618,Sugar
2619,Bread
2619,Butter
2619,Nappies
2619,Soft Drinks
2620,Bananas
2620,Bread
2620,Butter
2620,Cheese
2620,Eggs
2620,Nappies
2620,Sugar
2621,Baby Wipes
2621,Bread
2621,Butter
2621,Cheese
2621,Milk
2621,Tea
2621,Tomato Sauce
2622,Baby Wipes
2622,Cheese
2622,Nappies
2623,Baby Wipes
2623,Nappies
2623,Pasta
2623,Tomato Sauce
2624,Baby Wipes
2624,Bananas
2624,Crisps
2624,Nappies
2624,Soft Drinks
2625,Baby Wipes
2625,Butter
2625,Coffee
2625,Milk
2625,Sugar
2625,Tea
2626,Bread
2626,Butter
2626,Coffee
2626,Crisps
2626,Soft Drinks
2626,Sugar
2627,Baby Wipes
2627,Bread
2627,Butter
2627,Nappies
2627,Pasta
2627,Tea
2627,Tomato Sauce
2628,Bananas
2628,Sugar
2628,Tomato Sauce
2629,Coffee
2629,Crisps
2629,Pasta
2629,Soft Drinks
2629,Sugar
2629,Tomato Sauce
2630,Baby Wipes
2630,Coffee
2630,Nappies
2630,Sugar
2630,Tea
2631,Bananas
2631,Bread
2631,Butter
2631,Pasta
2631,Sugar
2631,Tomato Sauce
2632,Bananas
2632,Coffee
2632,Crisps
2632,Milk
2632,Soft Drinks
2632,Sugar
2633,Bananas
2633,Bread
2633,Coffee
2633,Milk
2633,Tea
2634,Butter
2634,Crisps
2634,Milk
2634,Nappies
2634,Soft Drinks
2634,Tea
2635,Cheese
2635,Coffee
2635,Eggs
2636,Baby Wipes
2636,Bananas
2636,Coffee
2636,Nappies
2636,Pasta
2636,Sugar
2636,Tomato Sauce
2637,Baby Wipes
2637,Coffee
2637,Milk
2637,Nappies
2637,Sugar
2637,Tea
2638,Bananas
2638,Cheese
2638,Crisps
2638,Eggs
2638,Milk
2638,Tea
2639,Baby Wipes
2639,Butter
2639,Crisps
2639,Milk
2639,Nappies
2639,Soft Drinks
2639,Tomato Sauce
2640,Baby Wipes
2640,Bananas
2640,Cheese
2640,Coffee
2640,Eggs
2640,Nappies
2640,Sugar
2641,Baby Wipes
2641,Butter
2641,Eggs
2641,Nappies
2642,Milk
2642,Tea
2643,Bread
2643,Butter
2643,Sugar
2644,Baby Wipes
2644,Bread
2644,Cheese
2644,Milk
2644,Nappies
2644,Sugar
2645,Baby Wipes
2645,Bread
2645,Cheese
2645,Milk
2645,Tea
2646,Baby Wipes
2646,Milk
2646,Tea
2647,Baby Wipes
2647,Butter
2647,Cheese
2647,Milk
2647,Pasta
2647,Soft Drinks
2647,Tomato Sauce
2648,Cheese
2648,Pasta
2648,Sugar
2649,Cheese
2649,Crisps
2649,Pasta
2649,Soft Drinks
2649,Sugar
2649,Tomato Sauce
2650,Pasta
2650,Tomato Sauce
2651,Bread
2651,Butter
2651,Cheese
2651,Coffee
2651,Eggs
2651,Sugar
2651,Tomato Sauce
2652,Bananas
2652,Bread
2652,Butter
2652,Cheese
2652,Coffee
2652,Nappies
2653,Baby Wipes
2653,Bananas
2653,Bread
2653,Butter
2653,Cheese
2653,Coffee
2653,Nappies
2653,Sugar
2654,Bread
2654,Butter
2654,Tea
2655,Baby Wipes
2655,Crisps
2655,Milk
2655,Nappies
2655,Sugar
2656,Crisps
2656,Milk
2656,Soft Drinks
2657,Baby Wipes
2657,Bananas
2657,Butter
2657,Crisps
2657,Nappies
2657,Soft Drinks
2657,Sugar
2658,Bananas
2658,Cheese
2658,Eggs
2658,Soft Drinks
2659,Bread
2659,Butter
2659,Cheese
2659,Coffee
2659,Nappies
2659,Pasta
2659,Sugar
2659,Tomato Sauce
2660,Bananas
2660,Bread
2660,Butter
2660,Cheese
2660,Pasta
2660,Sugar
2660,Tomato Sauce
2661,Crisps
2661,Milk
2662,Baby Wipes
2662,Crisps
2662,Nappies
2662,Sugar
2662,Tea
2662,Tomato Sauce
2663,Bananas
2663,Cheese
2664,Baby Wipes
2664,Nappies
2664,Pasta
2664,Tea
2664,Tomato Sauce
2665,Bread
2665,Butter
2665,Crisps
2665,Eggs
2665,Pasta
2665,Soft Drinks
2665,Sugar
2665,Tomato Sauce
2666,Eggs
2666,Milk
2666,Tea
2667,Bananas
2667,Bread
2667,Butter
2667,Coffee
2667,Sugar
2668,Baby Wipes
2668,Bread
2668,Butter
2668,Coffee
2668,Crisps
2668,Nappies
2668,Soft Drinks
2668,Sugar
2668,Tomato Sauce
2669,Baby Wipes
2669,Bread
2669,Butter
2669,Coffee
2669,Milk
2669,Nappies
2669,Sugar
2669,Tea
2669,Tomato Sauce
2670,Baby Wipes
2670,Bananas
2670,Coffee
2670,Milk
2670,Nappies
2670,Sugar
2670,Tomato Sauce
2671,Eggs
2671,Pasta
2671,Tomato Sauce
2672,Bread
2672,Butter
2672,Cheese
2672,Coffee
2672,Eggs
2672,Milk
2672,Pasta
2672,Tea
2672,Tomato Sauce
2673,Milk
2673,Sugar
2673,Tea
2673,Tomato Sauce
2674,Baby Wipes
2674,Cheese
2674,Nappies
2675,Baby Wipes
2675,Bread
2675,Sugar
2676,Bread
2676,Butter
2676,Eggs
2676,Pasta
2677,Bananas
2677,Milk
2677,Pasta
2677,Tea
2677,Tomato Sauce
2678,Bread
2678,Butter
2678,Crisps
2678,Soft Drinks
2679,Baby Wipes
2679,Bread
2679,Butter
2679,Cheese
2679,Crisps
2679,Milk
2679,Nappies
2679,Soft Drinks
2679,Tea
2680,Baby Wipes
2680,Bananas
2680,Coffee
2680,Nappies
2680,Pasta
2680,Sugar
2680,Tomato Sauce
2681,Baby Wipes
2681,Butter
2681,Crisps
2681,Nappies
2681,Soft Drinks
2682,Baby Wipes
2682,Bread
2682,Butter
2682,Crisps
2682,Nappies
2682,Pasta
2682,Sugar
2682,Tomato Sauce
2683,Bananas
2683,Butter
2683,Crisps
2683,Milk
2683,Soft Drinks
2683,Tea
2684,Bread
2684,Butter
2684,Eggs
2685,Cheese
2685,Coffee
2685,Crisps
2685,Sugar
2686,Baby Wipes
2686,Coffee
2686,Eggs
2686,Nappies
2686,Sugar
2687,Bread
2687,Butter
2687,Coffee
2687,Milk
2687,Sugar
2687,Tea
2688,Baby Wipes
2688,Bread
2688,Butter
2688,Coffee
2688,Pasta
2688,Tomato Sauce
2689,Coffee
2689,Milk
2689,Sugar
2690,Baby Wipes
2690,Bananas
2690,Tomato Sauce
2691,Baby Wipes
2691,Butter
2691,Coffee
2691,Crisps
2691,Pasta
2691,Soft Drinks
2691,Sugar
2691,Tomato Sauce
2692,Bread
2692,Butter
2692,Nappies
2693,Baby Wipes
2693,Bananas
2693,Bread
2693,Butter
2693,Coffee
2693,Nappies
2693,Pasta
2693,Sugar
2693,Tomato Sauce
2694,Cheese
2694,Coffee
2694,Crisps
2694,Eggs
2694,Tea
2695,Bananas
2695,Cheese
2695,Crisps
2695,Eggs
2695,Soft Drinks
2696,Baby Wipes
2696,Bread
2696,Butter
2696,Crisps
2696,Milk
2696,Pasta
2696,Tomato Sauce
2697,Baby Wipes
2697,Bananas
2697,Cheese
2697,Crisps
2697,Milk
2697,Nappies
2697,Soft Drinks
2697,Tea
2698,Bread
2698,Butter
2698,Coffee
2698,Crisps
2698,Pasta
2698,Sugar
2698,Tomato Sauce
2699,Bananas
2699,Milk
2699,Sugar
2699,Tea
2700,Bananas
2700,Bread
2700,Butter
2700,Sugar
2701,Cheese
2701,Milk
2701,Sugar
2701,Tea
2702,Baby Wipes
2702,Milk
2702,Nappies
2703,Bananas
2703,Butter
2703,Crisps
2703,Pasta
2703,Soft Drinks
2703,Tea
2703,Tomato Sauce
2704,Baby Wipes
2704,Bananas
2704,Coffee
2704,Crisps
2704,Eggs
2704,Nappies
2704,Soft Drinks
2705,Crisps
2705,Milk
2705,Soft Drinks
2706,Nappies
2706,Tomato Sauce
2707,Baby Wipes
2707,Bread
2707,Butter
2708,Baby Wipes
2708,Bananas
2708,Nappies
2708,Pasta
2708,Sugar
2708,Tea
2708,Tomato Sauce
2709,Bananas
2709,Cheese
2709,Coffee
2709,Crisps
2709,Milk
2709,Sugar
2710,Baby Wipes
2710,Bananas
2710,Bread
2710,Butter
2710,Coffee
2710,Crisps
2710,Nappies
2710,Soft Drinks
2710,Sugar
2710,Tea
2711,Cheese
2711,Coffee
2711,Eggs
2711,Pasta
2711,Tomato Sauce
2712,Baby Wipes
2712,Bread
2712,Butter
2712,Cheese
2712,Crisps
2712,Nappies
2712,Pasta
2713,Bread
2713,Coffee
2713,Eggs
2713,Milk
2713,Tomato Sauce
2714,Baby Wipes
2714,Nappies
2715,Bread
2715,Butter
2715,Cheese
2715,Coffee
2715,Soft Drinks
2715,Sugar
2716,Bread
2716,Butter
2716,Coffee
2716,Crisps
2716,Eggs
2716,Pasta
2716,Soft Drinks
2716,Sugar
2716,Tomato Sauce
2717,Baby Wipes
2717,Coffee
2717,Nappies
2717,Pasta
2717,Sugar
2717,Tomato Sauce
2718,Baby Wipes
2718,Bananas
2718,Butter
2718,Crisps
2718,Pasta
2718,Soft Drinks
2719,Baby Wipes
2719,Butter
2719,Crisps
2719,Soft Drinks
2719,Sugar
2719,Tea
2720,Baby Wipes
2720,Coffee
2720,Crisps
2720,Eggs
2720,Nappies
2720,Pasta
2720,Soft Drinks
2720,Sugar
2720,Tomato Sauce
2721,Baby Wipes
2721,Nappies
2721,Pasta
2721,Sugar
2721,Tomato Sauce
2722,Bananas
2722,Eggs
2722,Pasta
2722,Tomato Sauce
2723,Baby Wipes
2723,Bread
2723,Butter
2723,Milk
2723,Nappies
2723,Pasta
2723,Tea
2723,Tomato Sauce
2724,Cheese
2724,Eggs
2725,Bread
2725,Nappies
2725,Pasta
2725,Tomato Sauce
2726,Baby Wipes
2726,Cheese
2726,Nappies
2726,Pasta
2726,Tea
2726,Tomato Sauce
2727,Bread
2727,Butter
2727,Cheese
2727,Coffee
2727,Crisps
2728,Baby Wipes
2728,Bread
2728,Butter
2728,Coffee
2728,Crisps
2728,Nappies
2728,Soft Drinks
2728,Sugar
2729,Bread
2729,Butter
2729,Milk
2729,Tea
2730,Baby Wipes
2730,Crisps
2730,Nappies
2730,Tea
2731,Baby Wipes
2731,Bananas
2731,Bread
2731,Butter
2731,Crisps
2731,Soft Drinks
2731,Tomato Sauce
2732,Bananas
2732,Butter
2732,Milk
2732,Tea
2733,Baby Wipes
2733,Crisps
2733,Nappies
2733,Soft Drinks
2734,Baby Wipes
2734,Bananas
2734,Nappies
2734,Tea
2735,Eggs
2735,Pasta
2735,Tomato Sauce
2736,Baby Wipes
2736,Bananas
2736,Crisps
2736,Nappies
2736,Pasta
2736,Soft Drinks
2737,Baby Wipes
2737,Butter
2737,Coffee
2737,Eggs
2737,Nappies
2737,Sugar
2737,Tea
2737,Tomato Sauce
2738,Bananas
2738,Coffee
2738,Sugar
2738,Tea
2738,Tomato Sauce
2739,Butter
2739,Cheese
2739,Eggs
2739,Pasta
2740,Coffee
2740,Crisps
2740,Eggs
2740,Milk
2740,Sugar
2740,Tea
2741,Butter
2741,Pasta
2741,Tomato Sauce
2742,Baby Wipes
2742,Coffee
2742,Eggs
2742,Milk
2742,Nappies
2742,Tea
2743,Baby Wipes
2743,Butter
2743,Milk
2743,Tea
2744,Baby Wipes
2744,Bread
2744,Crisps
2744,Eggs
2744,Milk
2744,Nappies
2744,Pasta
2744,Tea
2744,Tomato Sauce
2745,Baby Wipes
2745,Cheese
2745,Coffee
2745,Milk
2745,Pasta
2745,Sugar
2745,Tea
2746,Butter
2746,Cheese
2747,Butter
2747,Eggs
2747,Tomato Sauce
2748,Cheese
2748,Coffee
2748,Eggs
2749,Baby Wipes
2749,Butter
2749,Eggs
2749,Pasta
2749,Sugar
2749,Tomato Sauce
2750,Bread
2750,Butter
2750,Cheese
2751,Baby Wipes
2751,Bananas
2751,Cheese
2751,Coffee
2751,Crisps
2751,Milk
2751,Nappies
2751,Sugar
2752,Butter
2752,Sugar
2752,Tea
2753,Crisps
2753,Milk
2753,Pasta
2753,Soft Drinks
2753,Tea
2753,Tomato Sauce
2754,Bananas
2754,Crisps
2754,Soft Drinks
2755,Baby Wipes
2755,Bread
2755,Cheese
2755,Nappies
2755,Tomato Sauce
2756,Butter
2756,Crisps
2756,Milk
2757,Baby Wipes
2757,Cheese
2757,Milk
2757,Nappies
2757,Pasta
2757,Tomato Sauce
2758,Baby Wipes
2758,Crisps
2758,Eggs
2758,Milk
2758,Nappies
2758,Pasta
2758,Tea
2758,Tomato Sauce
2759,Baby Wipes
2759,Bread
2759,Butter
2759,Cheese
2760,Bananas
2760,Butter
2760,Milk
2760,Tea
2761,Butter
2761,Coffee
2761,Nappies
2762,Baby Wipes
2762,Bananas
2762,Cheese
2762,Eggs
2762,Milk
2762,Tea
2763,Baby Wipes
2763,Bananas
2764,Bananas
2764,Coffee
2764,Milk
2764,Sugar
2764,Tea
2764,Tomato Sauce
2765,Baby Wipes
2765,Tomato Sauce
2766,Baby Wipes
2766,Cheese
2766,Crisps
2766,Eggs
2766,Soft Drinks
2766,Tea
2767,Baby Wipes
2767,Bread
2767,Coffee
2767,Milk
2767,Pasta
2767,Tea
2767,Tomato Sauce
2768,Butter
2768,Coffee
2768,Crisps
2768,Soft Drinks
2768,Sugar
2769,Bread
2769,Butter
2769,Crisps
2769,Milk
2769,Pasta
2769,Soft Drinks
2769,Tea
2770,Coffee
2770,Crisps
2770,Eggs
2770,Tomato Sauce
2771,Bananas
2771,Milk
2771,Nappies
2771,Sugar
2771,Tea
2772,Butter
2772,Crisps
2772,Eggs
2772,Soft Drinks
2772,Tomato Sauce
2773,Butter
2773,Cheese
2773,Coffee
2773,Milk
2773,Soft Drinks
2773,Tea
2774,Baby Wipes
2774,Milk
2774,Nappies
2774,Pasta
2774,Tea
2774,Tomato Sauce
2775,Cheese
2775,Crisps
2775,Tea
2776,Eggs
2776,Sugar
2777,Coffee
2777,Crisps
2777,Pasta
2777,Soft Drinks
2777,Sugar
2777,Tea
2778,Eggs
2778,Milk
2778,Tomato Sauce
2779,Baby Wipes
2779,Bananas
2779,Cheese
2779,Milk
2779,Nappies
2779,Tea
2780,Bananas
2780,Cheese
2780,Crisps
2781,Bananas
2781,Cheese
2781,Crisps
2781,Milk
2781,Tea
2782,Bread
2782,Cheese
2782,Eggs
2782,Milk
2783,Crisps
2783,Sugar
2784,Bread
2784,Butter
2784,Crisps
2784,Pasta
2784,Soft Drinks
2784,Sugar
2784,Tea
2784,Tomato Sauce
2785,Bread
2785,Butter
2785,Eggs
2786,Baby Wipes
2786,Bananas
2786,Butter
2786,Crisps
2786,Nappies
2786,Soft Drinks
2786,Sugar
2787,Soft Drinks
2787,Sugar
2788,Crisps
2788,Milk
2788,Soft Drinks
2788,Sugar
2789,Bananas
2789,Bread
2789,Butter
2789,Cheese
2789,Coffee
2789,Crisps
2789,Pasta
2789,Soft Drinks
2789,Tomato Sauce
2790,Bananas
2790,Cheese
2790,Crisps
2790,Milk
2790,Soft Drinks
2790,Sugar
2791,Baby Wipes
2791,Bread
2791,Butter
2791,Nappies
2792,Baby Wipes
2792,Crisps
2792,Eggs
2792,Nappies
2792,Pasta
2792,Soft Drinks
2792,Sugar
2792,Tomato Sauce
2793,Baby Wipes
2793,Bread
2793,Butter
2793,Coffee
2793,Nappies
2793,Pasta
2793,Tomato Sauce
2794,Baby Wipes
2794,Coffee
2794,Pasta
2794,Soft Drinks
2794,Sugar
2794,Tomato Sauce
2795,Baby Wipes
2795,Crisps
2795,Soft Drinks
2796,Coffee
2796,Crisps
2796,Soft Drinks
2796,Sugar
2797,Baby Wipes
2797,Bananas
2797,Bread
2797,Butter
2797,Milk
2797,Soft Drinks
2797,Tea
2797,Tomato Sauce
2798,Crisps
2798,Eggs
2798,Soft Drinks
2799,Bread
2799,Coffee
2799,Crisps
2799,Pasta
2799,Soft Drinks
2799,Sugar
2799,Tomato Sauce
2800,Baby Wipes
2800,Nappies
2800,Soft Drinks
2801,Bread
2801,Butter
2801,Sugar
2802,Crisps
2802,Milk
2802,Soft Drinks
2802,Tea
2803,Baby Wipes
2803,Coffee
2803,Nappies
2804,Bread
2804,Butter
2804,Coffee
2804,Milk
2804,Pasta
2804,Sugar
2804,Tomato Sauce
2805,Baby Wipes
2805,Coffee
2805,Crisps
2805,Eggs
2805,Nappies
2805,Soft Drinks
2806,Butter
2806,Coffee
2806,Soft Drinks
2806,Sugar
2806,Tea
2806,Tomato Sauce
2807,Bread
2807,Crisps
2807,Eggs
2807,Pasta
2807,Soft Drinks
2807,Tomato Sauce
2808,Nappies
2808,Sugar
2809,Bread
2809,Butter
2809,Eggs
2809,Pasta
2809,Tomato Sauce
2810,Crisps
2810,Pasta
2810,Soft Drinks
2810,Tomato Sauce
2811,Butter
2811,Eggs
2811,Sugar
2812,Coffee
2812,Pasta
2812,Soft Drinks
2812,Sugar
2812,Tomato Sauce
2813,Crisps
2813,Pasta
2813,Tomato Sauce
2814,Baby Wipes
2814,Bread
2814,Butter
2814,Crisps
2815,Baby Wipes
2815,Bananas
2815,Butter
2815,Crisps
2815,Nappies
2816,Baby Wipes
2816,Butter
2816,Coffee
2816,Crisps
2816,Nappies
2816,Soft Drinks
2816,Sugar
2817,Baby Wipes
2817,Bread
2817,Butter
2817,Milk
2817,Pasta
2817,Sugar
2817,Tomato Sauce
2818,Baby Wipes
2818,Coffee
2818,Nappies
2818,Pasta
2818,Sugar
2818,Tea
2819,Crisps
2819,Eggs
2819,Milk
2819,Pasta
2819,Tea
2819,Tomato Sauce
2820,Baby Wipes
2820,Eggs
2820,Tomato Sauce
2821,Baby Wipes
2821,Bread
2821,Crisps
2821,Soft Drinks
2822,Baby Wipes
2822,Bread
2822,Cheese
2822,Milk
2822,Nappies
2822,Tea
2823,Bread
2823,Butter
2823,Crisps
2823,Eggs
2823,Soft Drinks
2824,Bananas
2824,Pasta
2824,Tomato Sauce
2825,Bread
2825,Butter
2825,Pasta
2825,Soft Drinks
2825,Tomato Sauce
2826,Bread
2826,Coffee
2826,Milk
2826,Pasta
2826,Soft Drinks
2826,Tomato Sauce
2827,Baby Wipes
2827,Bananas
2827,Milk
2827,Nappies
2827,Pasta
2827,Tea
2828,Baby Wipes
2828,Bread
2828,Butter
2828,Cheese
2828,Crisps
2828,Nappies
2828,Soft Drinks
2829,Bananas
2829,Crisps
2829,Milk
2829,Soft Drinks
2829,Tea
2829,Tomato Sauce
2830,Baby Wipes
2830,Bananas
2830,Bread
2830,Coffee
2830,Milk
2830,Pasta
2830,Sugar
2830,Tea
2831,Bananas
2831,Coffee
2831,Pasta
2831,Soft Drinks
2831,Sugar
2831,Tomato Sauce
2832,Baby Wipes
2832,Coffee
2832,Milk
2832,Tea
2833,Bread
2833,Butter
2833,Eggs
2833,Nappies
2833,Tea
2833,Tomato Sauce
2834,Coffee
2834,Tomato Sauce
2835,Baby Wipes
2835,Crisps
2835,Eggs
2835,Soft Drinks
2836,Baby Wipes
2836,Butter
2836,Cheese
2836,Coffee
2836,Milk
2836,Nappies
2836,Tea
2837,Bread
2837,Butter
2837,Crisps
2837,Pasta
2837,Tomato Sauce
2838,Butter
2838,Cheese
2838,Eggs
2838,Milk
2838,Tea
2839,Crisps
2839,Soft Drinks
2839,Tomato Sauce
2840,Baby Wipes
2840,Pasta
2840,Tea
2841,Bananas
2841,Bread
2841,Butter
2841,Coffee
2841,Crisps
2841,Eggs
2841,Soft Drinks
2842,Baby Wipes
2842,Bananas
2842,Bread
2842,Cheese
2842,Eggs
2842,Nappies
2843,Bread
2843,Butter
2843,Crisps
2843,Sugar
2844,Baby Wipes
2844,Bread
2844,Coffee
2844,Milk
2844,Nappies
2844,Pasta
2844,Soft Drinks
2845,Baby Wipes
2845,Butter
2845,Eggs
2845,Milk
2845,Nappies
2845,Pasta
2845,Tomato Sauce
2846,Baby Wipes
2846,Coffee
2846,Eggs
2846,Milk
2846,Nappies
2846,Soft Drinks
2846,Sugar
2847,Cheese
2847,Coffee
2847,Eggs
2847,Milk
2847,Sugar
2847,Tea
2848,Butter
2848,Milk
2848,Tea
2849,Bananas
2849,Bread
2849,Milk
2849,Sugar
2850,Baby Wipes
2850,Crisps
2850,Nappies
2850,Tomato Sauce
2851,Baby Wipes
2851,Crisps
2851,Eggs
2851,Milk
2851,Soft Drinks
2851,Tea
2852,Bread
2852,Butter
2852,Sugar
2853,Bread
2853,Coffee
2853,Crisps
2853,Soft Drinks
2853,Sugar
2854,Baby Wipes
2854,Bread
2854,Butter
2855,Baby Wipes
2855,Cheese
2855,Coffee
2855,Crisps
2855,Milk
2855,Soft Drinks
2855,Sugar
2856,Baby Wipes
2856,Bananas
2856,Butter
2856,Crisps
2856,Nappies
2856,Pasta
2856,Soft Drinks
2857,Baby Wipes
2857,Crisps
2857,Milk
2857,Nappies
2857,Soft Drinks
2857,Tea
2857,Tomato Sauce
2858,Bananas
2858,Eggs
2858,Pasta
2858,Soft Drinks
2859,Baby Wipes
2859,Cheese
2859,Coffee
2859,Nappies
2859,Sugar
2860,Butter
2860,Tea
2861,Baby Wipes
2861,Crisps
2861,Nappies
2861,Soft Drinks
2862,Bananas
2862,Bread
2862,Crisps
2862,Eggs
2862,Sugar
2863,Cheese
2863,Milk
2863,Soft Drinks
2864,Bread
2864,Coffee
2864,Sugar
2865,Bananas
2865,Cheese
2865,Crisps
2865,Milk
2865,Tea
2865,Tomato Sauce
2866,Bananas
2866,Cheese
2867,Butter
2867,Coffee
2867,Milk
2867,Sugar
2868,Baby Wipes
2868,Butter
2868,Coffee
2868,Crisps
2868,Nappies
2868,Soft Drinks
2868,Sugar
2868,Tomato Sauce
2869,Bread
2869,Butter
2869,Milk
2869,Pasta
2869,Sugar
2869,Tea
2869,Tomato Sauce
2870,Coffee
2870,Pasta
2870,Sugar
2870,Tomato Sauce
2871,Eggs
2871,Soft Drinks
2872,Baby Wipes
2872,Bananas
2872,Milk
2872,Nappies
2872,Tea
2873,Baby Wipes
2873,Nappies
2873,Pasta
2873,Sugar
2873,Tomato Sauce
2874,Baby Wipes
2874,Bananas
2874,Bread
2874,Butter
2874,Milk
2874,Nappies
2874,Tea
2875,Baby Wipes
2875,Coffee
2875,Eggs
2875,Nappies
2875,Sugar
2875,Tea
2876,Baby Wipes
2876,Bread
2876,Butter
2876,Eggs
2876,Nappies
2876,Pasta
2876,Tomato Sauce
2877,Baby Wipes
2877,Bread
2877,Butter
2877,Crisps
2877,Eggs
2877,Milk
2877,Nappies
2877,Pasta
2877,Soft Drinks
2877,Tea
2877,Tomato Sauce
2878,Crisps
2878,Eggs
2878,Milk
2878,Soft Drinks
2878,Sugar
2879,Pasta
2879,Tomato Sauce
2880,Coffee
2880,Sugar
2880,Tomato Sauce
2881,Bread
2881,Butter
2881,Cheese
2881,Milk
2881,Soft Drinks
2881,Sugar
2882,Cheese
2882,Pasta
2882,Tea
2882,Tomato Sauce
2883,Baby Wipes
2883,Bananas
2883,Cheese
2883,Eggs
2883,Nappies
2883,Soft Drinks
2883,Tea
2884,Nappies
2884,Tomato Sauce
2885,Bananas
2885,Coffee
2885,Nappies
2885,Sugar
2885,Tomato Sauce
2886,Bread
2886,Butter
2886,Cheese
2886,Milk
2886,Pasta
2886,Tomato Sauce
2887,Butter
2887,Pasta
2887,Tea
2887,Tomato Sauce
2888,Bread
2888,Butter
2888,Crisps
2888,Eggs
2888,Pasta
2888,Tea
2889,Baby Wipes
2889,Bread
2889,Butter
2889,Coffee
2889,Nappies
2889,Pasta
2889,Soft Drinks
2889,Sugar
2889,Tomato Sauce
2890,Bread
2890,Butter
2890,Crisps
2890,Milk
2890,Soft Drinks
2890,Tea
2890,Tomato Sauce
2891,Baby Wipes
2891,Bananas
2891,Nappies
2892,Butter
2892,Cheese
2892,Soft Drinks
2893,Baby Wipes
2893,Milk
2893,Tea
2894,Baby Wipes
2894,Butter
2894,Coffee
2894,Eggs
2894,Nappies
2895,Coffee
2895,Crisps
2895,Milk
2895,Sugar
2896,Baby Wipes
2896,Coffee
2896,Crisps
2896,Eggs
2896,Pasta
2896,Sugar
2896,Tomato Sauce
2897,Bread
2897,Butter
2897,Cheese
2897,Eggs
2897,Pasta
2897,Tomato Sauce
2898,Eggs
2898,Sugar
2899,Butter
2899,Coffee
2899,Sugar
2900,Butter
2900,Cheese
2900,Crisps
2900,Eggs
2900,Milk
2900,Soft Drinks
2901,Bananas
2901,Crisps
2901,Soft Drinks
2901,Sugar
2901,Tomato Sauce
2902,Cheese
2902,Crisps
2902,Milk
2902,Pasta
2902,Soft Drinks
2902,Sugar
2902,Tomato Sauce
2903,Soft Drinks
2903,Tomato Sauce
2904,Baby Wipes
2904,Crisps
2904,Nappies
2904,Soft Drinks
2905,Baby Wipes
2905,Pasta
2905,Tomato Sauce
2906,Milk
2906,Nappies
2907,Bananas
2907,Bread
2907,Butter
2907,Cheese
2907,Coffee
2907,Eggs
2907,Pasta
2907,Sugar
2908,Coffee
2908,Crisps
2908,Milk
2908,Pasta
2908,Soft Drinks
2908,Sugar
2908,Tea
2908,Tomato Sauce
2909,Bread
2909,Butter
2909,Crisps
2909,Milk
2909,Soft Drinks
2909,Tea
2910,Butter
2910,Coffee
2910,Crisps
2910,Pasta
2910,Soft Drinks
2910,Sugar
2910,Tea
2910,Tomato Sauce
2911,Bread
2911,Nappies
2912,Bread
2912,Crisps
2912,Milk
2912,Pasta
2912,Soft Drinks
2912,Tomato Sauce
2913,Coffee
2913,Sugar
2914,Butter
2914,Coffee
2914,Milk
2914,Sugar
2914,Tea
2915,Baby Wipes
2915,Bread
2915,Butter
2915,Nappies
2915,Pasta
2915,Tomato Sauce
2916,Bananas
2916,Bread
2916,Butter
2916,Coffee
2916,Crisps
2916,Soft Drinks
2916,Sugar
2916,Tea
2916,Tomato Sauce
2917,Bread
2917,Butter
2917,Cheese
2917,Milk
2917,Tea
2918,Crisps
2918,Eggs
2918,Milk
2918,Soft Drinks
2919,Cheese
2919,Coffee
2919,Crisps
2919,Eggs
2919,Soft Drinks
2919,Sugar
2920,Bread
2920,Butter
2920,Cheese
2920,Crisps
2920,Soft Drinks
2921,Cheese
2921,Eggs
2922,Coffee
2922,Crisps
2922,Eggs
2922,Pasta
2922,Soft Drinks
2922,Tea
2922,Tomato Sauce
2923,Baby Wipes
2923,Cheese
2923,Eggs
2923,Pasta
2923,Sugar
2923,Tea
2923,Tomato Sauce
2924,Baby Wipes
2924,Bananas
2924,Crisps
2924,Eggs
2924,Milk
2924,Nappies
2925,Baby Wipes
2925,Coffee
2925,Nappies
2926,Baby Wipes
2926,Butter
2926,Coffee
2926,Crisps
2926,Nappies
2926,Soft Drinks
2926,Sugar
2927,Coffee
2927,Crisps
2927,Milk
2927,Soft Drinks
2927,Sugar
2927,Tea
2927,Tomato Sauce
2928,Bananas
2928,Tomato Sauce
2929,Bananas
2929,Bread
2929,Milk
2929,Nappies
2929,Sugar
2929,Tomato Sauce
2930,Baby Wipes
2930,Milk
2930,Nappies
2930,Pasta
2930,Tea
2930,Tomato Sauce
2931,Bread
2931,Butter
2931,Soft Drinks
2931,Sugar
2932,Bread
2932,Butter
2932,Tea
2933,Cheese
2933,Coffee
2933,Crisps
2933,Soft Drinks
2933,Sugar
2934,Bananas
2934,Crisps
2934,Soft Drinks
2935,Bananas
2935,Cheese
2935,Coffee
2935,Crisps
2935,Eggs
2935,Soft Drinks
2935,Sugar
2935,Tomato Sauce
2936,Pasta
2936,Sugar
2936,Tea
2937,Baby Wipes
2937,Bananas
2937,Coffee
2937,Crisps
2937,Soft Drinks
2937,Sugar
2938,Bananas
2938,Bread
2938,Butter
2938,Cheese
2938,Coffee
2938,Crisps
2938,Soft Drinks
2938,Sugar
2938,Tomato Sauce
2939,Baby Wipes
2939,Bread
2939,Butter
2939,Coffee
2939,Eggs
2940,Bread
2940,Butter
2940,Crisps
2940,Milk
2940,Nappies
2940,Soft Drinks
2941,Coffee
2941,Eggs
2941,Pasta
2941,Sugar
2941,Tomato Sauce
2942,Bread
2942,Butter
2942,Cheese
2942,Milk
2942,Soft Drinks
2942,Sugar
2942,Tea
2943,Bread
2943,Milk
2944,Baby Wipes
2944,Milk
2944,Pasta
2945,Crisps
2945,Nappies
2945,Soft Drinks
2946,Baby Wipes
2946,Bread
2946,Nappies
2947,Butter
2947,Milk
2947,Tomato Sauce
2948,Baby Wipes
2948,Bananas
2948,Bread
2948,Butter
2948,Coffee
2948,Nappies
2948,Tomato Sauce
2949,Nappies
2949,Pasta
2949,Sugar
2949,Tea
2949,Tomato Sauce
2950,Crisps
2950,Milk
2950,Soft Drinks
2950,Tea
2951,Baby Wipes
2951,Bread
2951,Butter
2951,Coffee
2951,Crisps
2951,Milk
2951,Soft Drinks
2951,Sugar
2951,Tea
2952,Bananas
2952,Bread
2952,Butter
2952,Crisps
2952,Pasta
2952,Soft Drinks
2952,Tomato Sauce
2953,Bread
2953,Butter
2953,Crisps
2953,Eggs
2953,Nappies
2953,Pasta
2953,Soft Drinks
2954,Bananas
2954,Cheese
2954,Soft Drinks
2954,Tomato Sauce
2955,Cheese
2955,Crisps
2955,Pasta
2955,Soft Drinks
2955,Tomato Sauce
2956,Butter
2956,Crisps
2956,Sugar
2957,Bread
2957,Butter
2957,Cheese
2957,Eggs
2957,Milk
2957,Pasta
2958,Bananas
2958,Bread
2958,Butter
2959,Baby Wipes
2959,Bananas
2959,Bread
2959,Butter
2959,Coffee
2959,Nappies
2959,Sugar
2959,Tomato Sauce
2960,Baby Wipes
2960,Bread
2960,Butter
2960,Nappies
2961,Baby Wipes
2961,Coffee
2961,Sugar
2962,Butter
2962,Cheese
2962,Crisps
2962,Soft Drinks
2963,Bananas
2963,Cheese
2963,Coffee
2963,Crisps
2963,Soft Drinks
2963,Sugar
2964,Bananas
2964,Bread
2964,Butter
2964,Crisps
2964,Eggs
2964,Milk
2965,Bread
2965,Coffee
2965,Milk
2965,Pasta
2965,Soft Drinks
2965,Sugar
2965,Tea
2966,Bread
2966,Butter
2966,Pasta
2967,Baby Wipes
2967,Coffee
2967,Crisps
2967,Nappies
2967,Soft Drinks
2967,Sugar
2968,Baby Wipes
2968,Bread
2968,Crisps
2968,Soft Drinks
2969,Crisps
2969,Milk
2969,Soft Drinks
2970,Coffee
2970,Eggs
2970,Milk
2970,Pasta
2970,Tomato Sauce
2971,Baby Wipes
2971,Butter
2971,Cheese
2971,Nappies
2971,Tea
2972,Baby Wipes
2972,Bananas
2972,Coffee
2972,Crisps
2972,Milk
2972,Nappies
2972,Pasta
2972,Soft Drinks
2972,Sugar
2972,Tomato Sauce
2973,Baby Wipes
2973,Nappies
2973,Pasta
2973,Tea
2973,Tomato Sauce
2974,Bread
2974,Butter
2974,Cheese
2974,Coffee
2974,Crisps
2974,Eggs
2974,Soft Drinks
2974,Sugar
2974,Tomato Sauce
2975,Bananas
2975,Cheese
2975,Coffee
2975,Crisps
2975,Milk
2975,Soft Drinks
2975,Tea
2976,Bread
2976,Coffee
2976,Sugar
2977,Baby Wipes
2977,Bananas
2977,Cheese
2977,Eggs
2977,Milk
2977,Nappies
2977,Pasta
2978,Bananas
2978,Coffee
2978,Crisps
2978,Pasta
2978,Sugar
2978,Tomato Sauce
2979,Bananas
2979,Cheese
2979,Pasta
2979,Soft Drinks
2979,Tomato Sauce
2980,Bread
2980,Butter
2980,Cheese
2980,Coffee
2980,Crisps
2980,Milk
2980,Soft Drinks
2980,Tea
2981,Milk
2981,Tea
2982,Pasta
2982,Soft Drinks
2983,Baby Wipes
2983,Coffee
2983,Crisps
2983,Eggs
2983,Soft Drinks
2983,Sugar
2983,Tomato Sauce
2984,Baby Wipes
2984,Bananas
2984,Nappies
2984,Pasta
2984,Soft Drinks
2984,Tomato Sauce
2985,Baby Wipes
2985,Bread
2985,Butter
2985,Crisps
2985,Milk
2985,Nappies
2985,Soft Drinks
2985,Tea
2986,Cheese
2986,Coffee
2986,Crisps
2986,Pasta
2986,Soft Drinks
2986,Sugar
2986,Tomato Sauce
2987,Bread
2987,Butter
2987,Coffee
2988,Butter
2988,Cheese
2988,Pasta
2988,Sugar
2988,Tea
2988,Tomato Sauce
2989,Bread
2989,Butter
2989,Cheese
2989,Crisps
2989,Milk
2989,Tea
2990,Eggs
2990,Nappies
2990,Sugar
2991,Cheese
2991,Crisps
2991,Soft Drinks
2991,Tomato Sauce
2992,Bread
2992,Butter
2992,Coffee
2992,Crisps
2992,Eggs
2992,Sugar
2993,Bananas
2993,Bread
2993,Milk
2993,Pasta
2993,Tea
2993,Tomato Sauce
2994,Bananas
2994,Bread
2994,Butter
2994,Pasta
2994,Tomato Sauce
2995,Baby Wipes
2995,Crisps
2995,Eggs
2995,Nappies
2996,Cheese
2996,Pasta
2996,Tomato Sauce
2997,Coffee
2997,Milk
2997,Sugar
2998,Bread
2998,Cheese
2998,Pasta
2998,Tea
2999,Eggs
2999,Milk
3000,Bananas
3000,Bread
3000,Butter
3000,Coffee
3000,Milk
3000,Sugar
3001,Bread
3001,Pasta
3001,Tomato Sauce
3002,Bread
3002,Butter
3002,Coffee
3002,Milk
3002,Soft Drinks
3002,Tea
3003,Bananas
3003,Coffee
3003,Crisps
3003,Pasta
3003,Soft Drinks
3003,Sugar
3003,Tomato Sauce
3004,Baby Wipes
3004,Bread
3004,Cheese
3004,Eggs
3004,Milk
3004,Nappies
3005,Cheese
3005,Coffee
3005,Pasta
3005,Sugar
3005,Tomato Sauce
3006,Eggs
3006,Tea
3006,Tomato Sauce
3007,Bananas
3007,Cheese
3007,Coffee
3007,Pasta
3007,Tomato Sauce
3008,Bananas
3008,Butter
3008,Tea
3009,Coffee
3009,Milk
3009,Sugar
3009,Tea
3010,Bananas
3010,Bread
3010,Butter
3010,Cheese
3010,Coffee
3010,Sugar
3010,Tea
3011,Milk
3011,Sugar
3011,Tea
3012,Baby Wipes
3012,Cheese
3012,Crisps
3012,Nappies
3013,Baby Wipes
3013,Bananas
3013,Cheese
3013,Coffee
3013,Crisps
3013,Pasta
3013,Soft Drinks
3013,Sugar
3014,Baby Wipes
3014,Bread
3014,Butter
3014,Nappies
3014,Sugar
3015,Bread
3015,Butter
3015,Crisps
3015,Pasta
3015,Tomato Sauce
3016,Baby Wipes
3016,Bread
3016,Milk
3017,Crisps
3017,Milk
3018,Bananas
3018,Bread
3018,Butter
3018,Coffee
3018,Crisps
3018,Eggs
3018,Sugar
3018,Tea
3019,Coffee
3019,Eggs
3019,Sugar
3020,Bananas
3020,Sugar
3021,Bananas
3021,Cheese
3021,Coffee
3021,Soft Drinks
3021,Sugar
3021,Tomato Sauce
3022,Baby Wipes
3022,Bananas
3022,Eggs
3022,Milk
3022,Nappies
3022,Tea
3023,Cheese
3023,Coffee
3023,Milk
3023,Pasta
3023,Sugar
3024,Bananas
3024,Bread
3024,Crisps
3024,Soft Drinks
3025,Baby Wipes
3025,Bananas
3025,Pasta
3025,Tomato Sauce
3026,Baby Wipes
3026,Bananas
3026,Butter
3026,Crisps
3026,Eggs
3027,Baby Wipes
3027,Milk
3027,Nappies
3027,Tea
3027,Tomato Sauce
3028,Baby Wipes
3028,Butter
3028,Coffee
3028,Nappies
3028,Soft Drinks
3029,Coffee
3029,Pasta
3029,Tomato Sauce
3030,Baby Wipes
3030,Coffee
3030,Crisps
3030,Nappies
3030,Sugar
3030,Tea
3031,Baby Wipes
3031,Bananas
3031,Nappies
3031,Pasta
3032,Baby Wipes
3032,Bananas
3032,Bread
3032,Butter
3032,Crisps
3032,Eggs
3032,Nappies
3033,Eggs
3033,Pasta
3033,Sugar
3033,Tomato Sauce
3034,Baby Wipes
3034,Bananas
3034,Eggs
3034,Nappies
3034,Pasta
3034,Tomato Sauce
3035,Bread
3035,Butter
3035,Eggs
3035,Milk
3035,Pasta
3035,Tea
3035,Tomato Sauce
3036,Baby Wipes
3036,Crisps
3036,Milk
3036,Nappies
3036,Soft Drinks
3036,Tea
3037,Butter
3037,Cheese
3037,Soft Drinks
3038,Bananas
3038,Cheese
3038,Crisps
3038,Soft Drinks
3039,Baby Wipes
3039,Bread
3039,Butter
3039,Nappies
3039,Pasta
3039,Sugar
3039,Tomato Sauce
3040,Bananas
3040,Bread
3040,Butter
3040,Crisps
3040,Tea
3041,Bananas
3041,Coffee
3041,Sugar
3041,Tea
3042,Baby Wipes
3042,Nappies
3042,Pasta
3043,Baby Wipes
3043,Cheese
3043,Crisps
3043,Milk
3043,Pasta
3043,Soft Drinks
3043,Tea
3043,Tomato Sauce
3044,Baby Wipes
3044,Bananas
3044,Crisps
3044,Pasta
3044,Soft Drinks
3045,Bread
3045,Crisps
3045,Milk
3045,Pasta
3045,Soft Drinks
3045,Tomato Sauce
3046,Baby Wipes
3046,Cheese
3046,Crisps
3046,Milk
3046,Nappies
3046,Soft Drinks
3046,Sugar
3046,Tea
3047,Baby Wipes
3047,Bananas
3047,Coffee
3047,Milk
3047,Pasta
3047,Soft Drinks
3047,Tomato Sauce
3048,Baby Wipes
3048,Bread
3048,Coffee
3048,Milk
3048,Sugar
3048,Tea
3049,Cheese
3049,Crisps
3049,Pasta
3049,Tomato Sauce
3050,Baby Wipes
3050,Bread
3050,Butter
3051,Milk
3051,Soft Drinks
3051,Tea
3052,Bananas
3052,Pasta
3052,Tomato Sauce
3053,Baby Wipes
3053,Bananas
3053,Crisps
3053,Milk
3053,Nappies
3053,Soft Drinks
3053,Tea
3054,Bread
3054,Butter
3054,Cheese
3054,Milk
3054,Tea
3055,Baby Wipes
3055,Bananas
3055,Bread
3055,Cheese
3055,Crisps
3055,Nappies
3055,Soft Drinks
3056,Cheese
3056,Milk
3057,Milk
3057,Sugar
3057,Tea
3058,Butter
3058,Sugar
3059,Bananas
3059,Bread
3059,Butter
3059,Coffee
3059,Nappies
3059,Sugar
3060,Baby Wipes
3060,Bread
3060,Nappies
3061,Crisps
3061,Eggs
3061,Pasta
3061,Sugar
3061,Tomato Sauce
3062,Coffee
3062,Nappies
3062,Sugar
3062,Tea
3063,Cheese
3063,Milk
3063,Tea
3064,Bread
3064,Butter
3064,Coffee
3064,Eggs
3064,Milk
3064,Pasta
3064,Sugar
3064,Tea
3064,Tomato Sauce
3065,Baby Wipes
3065,Coffee
3065,Nappies
3065,Sugar
3065,Tea
3066,Baby Wipes
3066,Cheese
3066,Nappies
3066,Tea
3067,Cheese
3067,Coffee
3067,Pasta
3067,Tomato Sauce
3068,Bread
3068,Butter
3068,Eggs
3069,Baby Wipes
3069,Bread
3069,Butter
3069,Tea
3070,Baby Wipes
3070,Bread
3070,Butter
3070,Coffee
3070,Crisps
3070,Soft Drinks
3070,Tea
3071,Baby Wipes
3071,Bread
3071,Butter
3071,Cheese
3071,Crisps
3071,Milk
3071,Nappies
3072,Bread
3072,Crisps
3072,Eggs
3072,Soft Drinks
3072,Sugar
3072,Tomato Sauce
3073,Cheese
3073,Crisps
3073,Eggs
3073,Pasta
3073,Soft Drinks
3073,Tomato Sauce
3074,Bananas
3074,Milk
3074,Soft Drinks
3074,Tea
3075,Bread
3075,Coffee
3075,Sugar
3076,Bananas
3076,Coffee
3076,Sugar
3077,Baby Wipes
3077,Bananas
3077,Nappies
3078,Baby Wipes
3078,Crisps
3078,Milk
3078,Nappies
3078,Soft Drinks
3078,Tea
3078,Tomato Sauce
3079,Baby Wipes
3079,Coffee
3079,Crisps
3079,Eggs
3079,Nappies
3079,Pasta
3079,Soft Drinks
3079,Sugar
3079,Tomato Sauce
3080,Eggs
3080,Tomato Sauce
3081,Bread
3081,Butter
3081,Milk
3081,Sugar
3081,Tomato Sauce
3082,Baby Wipes
3082,Cheese
3082,Coffee
3082,Eggs
3082,Nappies
3082,Sugar
3083,Bread
3083,Butter
3083,Crisps
3083,Pasta
3083,Tomato Sauce
3084,Bananas
3084,Butter
3084,Cheese
3084,Pasta
3084,Tea
3084,Tomato Sauce
3085,Baby Wipes
3085,Bananas
3085,Butter
3085,Eggs
3085,Nappies
3085,Tomato Sauce
3086,Eggs
3086,Milk
3086,Tea
3086,Tomato Sauce
3087,Baby Wipes
3087,Bananas
3087,Coffee
3087,Nappies
3087,Pasta
3087,Tomato Sauce
3088,Bread
3088,Butter
3088,Coffee
3088,Sugar
3088,Tomato Sauce
3089,Baby Wipes
3089,Butter
3089,Milk
3089,Nappies
3089,Pasta
3089,Tea
3089,Tomato Sauce
3090,Bread
3090,Cheese
3090,Crisps
3090,Milk
3090,Soft Drinks
3091,Pasta
3091,Tomato Sauce
3092,Milk
3092,Pasta
3092,Tea
3092,Tomato Sauce
3093,Baby Wipes
3093,Cheese
3093,Coffee
3093,Nappies
3093,Pasta
3093,Sugar
3093,Tomato Sauce
3094,Pasta
3094,Soft Drinks
3094,Tea
3094,Tomato Sauce
3095,Cheese
3095,Coffee
3095,Nappies
3095,Sugar
3096,Bread
3096,Butter
3096,Milk
3096,Pasta
3096,Tea
3096,Tomato Sauce
3097,Bread
3097,Butter
3097,Cheese
3098,Bananas
3098,Bread
3098,Cheese
3098,Pasta
3098,Soft Drinks
3098,Tomato Sauce
3099,Bananas
3099,Milk
3100,Baby Wipes
3100,Bread
3100,Butter
3100,Cheese
3100,Nappies
3100,Pasta
3100,Tea
3100,Tomato Sauce
3101,Baby Wipes
3101,Bread
3101,Nappies
3101,Pasta
3101,Tomato Sauce
3102,Bananas
3102,Crisps
3103,Crisps
3103,Eggs
3103,Milk
3103,Soft Drinks
3103,Tea
3104,Coffee
3104,Pasta
3104,Sugar
3104,Tomato Sauce
3105,Crisps
3105,Eggs
3105,Milk
3105,Pasta
3105,Tea
3105,Tomato Sauce
3106,Baby Wipes
3106,Cheese
3106,Crisps
3106,Eggs
3106,Soft Drinks
3107,Baby Wipes
3107,Bread
3107,Butter
3107,Cheese
3107,Nappies
3107,Sugar
3108,Bananas
3108,Bread
3108,Butter
3108,Cheese
3108,Coffee
3108,Crisps
3108,Soft Drinks
3108,Sugar
3109,Baby Wipes
3109,Bananas
3109,Cheese
3109,Crisps
3109,Eggs
3109,Pasta
3109,Soft Drinks
3109,Tomato Sauce
3110,Bread
3110,Butter
3110,Crisps
3110,Soft Drinks
3111,Baby Wipes
3111,Eggs
3111,Milk
3111,Nappies
3111,Soft Drinks
3111,Tea
3111,Tomato Sauce
3112,Baby Wipes
3112,Cheese
3112,Nappies
3113,Bread
3113,Butter
3113,Eggs
3114,Coffee
3114,Crisps
3114,Milk
3114,Tea
3115,Bananas
3115,Bread
3115,Butter
3115,Cheese
3115,Eggs
3115,Pasta
3115,Tea
3115,Tomato Sauce
3116,Bread
3116,Butter
3116,Crisps
3116,Eggs
3116,Nappies
3116,Soft Drinks
3116,Sugar
3117,Baby Wipes
3117,Nappies
3117,Sugar
3117,Tomato Sauce
3118,Baby Wipes
3118,Coffee
3118,Eggs
3118,Milk
3118,Nappies
3118,Tomato Sauce
3119,Cheese
3119,Soft Drinks
3120,Baby Wipes
3120,Crisps
3120,Milk
3120,Nappies
3120,Tea
3121,Baby Wipes
3121,Bananas
3121,Coffee
3121,Milk
3121,Nappies
3121,Pasta
3121,Soft Drinks
3121,Tea
3121,Tomato Sauce
3122,Bananas
3122,Bread
3122,Butter
3122,Cheese
3122,Coffee
3122,Milk
3122,Sugar
3122,Tea
3123,Bananas
3123,Bread
3123,Butter
3123,Cheese
3123,Milk
3124,Cheese
3124,Nappies
3124,Pasta
3124,Sugar
3124,Tomato Sauce
3125,Bread
3125,Pasta
3125,Sugar
3125,Tomato Sauce
3126,Butter
3126,Eggs
3127,Baby Wipes
3127,Cheese
3127,Coffee
3127,Milk
3127,Nappies
3127,Pasta
3127,Tomato Sauce
3128,Bread
3128,Butter
3128,Crisps
3128,Eggs
3128,Milk
3128,Sugar
3129,Cheese
3129,Milk
3129,Pasta
3130,Bananas
3130,Crisps
3130,Pasta
3130,Soft Drinks
3130,Sugar
3130,Tea
3130,Tomato Sauce
3131,Butter
3131,Crisps
3131,Soft Drinks
3132,Baby Wipes
3132,Bananas
3132,Bread
3132,Butter
3132,Coffee
3132,Crisps
3132,Milk
3132,Soft Drinks
3132,Tea
3133,Baby Wipes
3133,Crisps
3133,Soft Drinks
3133,Sugar
3134,Bread
3134,Butter
3134,Crisps
3134,Soft Drinks
3135,Baby Wipes
3135,Nappies
3135,Tea
3136,Baby Wipes
3136,Bananas
3136,Crisps
3136,Milk
3136,Tea
3137,Baby Wipes
3137,Coffee
3137,Eggs
3137,Milk
3137,Nappies
3137,Sugar
3137,Tea
3138,Bananas
3138,Cheese
3138,Crisps
3138,Pasta
3138,Soft Drinks
3138,Sugar
3138,Tomato Sauce
3139,Bread
3139,Coffee
3139,Milk
3139,Soft Drinks
3139,Sugar
3140,Baby Wipes
3140,Nappies
3141,Cheese
3141,Coffee
3141,Sugar
3142,Baby Wipes
3142,Butter
3142,Crisps
3142,Nappies
3143,Baby Wipes
3143,Pasta
3143,Tomato Sauce
3144,Bread
3144,Butter
3144,Eggs
3144,Soft Drinks
3145,Baby Wipes
3145,Bread
3145,Crisps
3145,Eggs
3145,Pasta
3145,Soft Drinks
3145,Tomato Sauce
3146,Cheese
3146,Coffee
3146,Pasta
3146,Tea
3146,Tomato Sauce
3147,Butter
3147,Cheese
3147,Eggs
3148,Bananas
3148,Butter
3148,Coffee
3148,Crisps
3148,Milk
3148,Nappies
3148,Soft Drinks
3149,Crisps
3149,Eggs
3149,Sugar
3150,Bread
3150,Butter
3150,Cheese
3150,Eggs
3150,Milk
3150,Tea
3151,Baby Wipes
3151,Bananas
3151,Eggs
3151,Milk
3151,Nappies
3151,Soft Drinks
3152,Bananas
3152,Crisps
3152,Eggs
3152,Pasta
3152,Soft Drinks
3152,Tea
3152,Tomato Sauce
3153,Bread
3153,Cheese
3153,Coffee
3153,Crisps
3153,Eggs
3153,Milk
3153,Soft Drinks
3154,Coffee
3154,Eggs
3154,Sugar
3155,Butter
3155,Cheese
3155,Crisps
3155,Milk
3155,Soft Drinks
3155,Tomato Sauce
3156,Baby Wipes
3156,Bananas
3156,Bread
3156,Coffee
3156,Crisps
3156,Milk
3156,Soft Drinks
3157,Baby Wipes
3157,Bananas
3157,Eggs
3157,Milk
3158,Baby Wipes
3158,Bananas
3158,Bread
3158,Cheese
3158,Coffee
3158,Eggs
3158,Nappies
3158,Sugar
3159,Butter
3159,Coffee
3159,Eggs
3159,Sugar
3159,Tea
3160,Baby Wipes
3160,Bananas
3160,Cheese
3160,Eggs
3160,Milk
3160,Tea
3161,Bread
3161,Butter
3161,Coffee
3161,Pasta
3161,Sugar
3161,Tomato Sauce
3162,Bread
3162,Butter
3162,Cheese
3162,Eggs
3162,Soft Drinks
3162,Sugar
3163,Bread
3163,Butter
3163,Eggs
3164,Butter
3164,Crisps
3164,Soft Drinks
3164,Sugar
3164,Tomato Sauce
3165,Baby Wipes
3165,Bananas
3165,Cheese
3165,Crisps
3165,Nappies
3165,Pasta
3165,Soft Drinks
3165,Tomato Sauce
3166,Coffee
3166,Milk
3166,Pasta
3166,Tomato Sauce
3167,Baby Wipes
3167,Bananas
3167,Bread
3167,Coffee
3167,Crisps
3167,Milk
3167,Nappies
3167,Soft Drinks
3167,Sugar
3168,Baby Wipes
3168,Bananas
3168,Bread
3168,Butter
3168,Nappies
3168,Soft Drinks
3168,Tomato Sauce
3169,Baby Wipes
3169,Bread
3169,Butter
3169,Nappies
3170,Bananas
3170,Eggs
3171,Baby Wipes
3171,Bread
3171,Butter
3171,Crisps
3171,Milk
3171,Nappies
3171,Soft Drinks
3172,Bananas
3172,Cheese
3172,Coffee
3172,Crisps
3172,Eggs
3172,Pasta
3172,Soft Drinks
3172,Sugar
3172,Tomato Sauce
3173,Baby Wipes
3173,Coffee
3173,Crisps
3173,Milk
3173,Nappies
3173,Pasta
3173,Soft Drinks
3173,Sugar
3173,Tomato Sauce
3174,Bread
3174,Cheese
3174,Coffee
3174,Milk
3174,Sugar
3175,Butter
3175,Cheese
3176,Coffee
3176,Crisps
3176,Soft Drinks
3177,Bananas
3177,Bread
3177,Pasta
3177,Tomato Sauce
3178,Butter
3178,Eggs
3178,Milk
3178,Tea
3179,Coffee
3179,Milk
3179,Pasta
3180,Baby Wipes
3180,Crisps
3180,Nappies
3180,Soft Drinks
3180,Tea
3181,Baby Wipes
3181,Coffee
3181,Milk
3182,Baby Wipes
3182,Cheese
3182,Crisps
3182,Nappies
3182,Soft Drinks
3183,Baby Wipes
3183,Bananas
3183,Coffee
3183,Eggs
3183,Nappies
3183,Sugar
3183,Tea
3184,Bananas
3184,Tea
3184,Tomato Sauce
3185,Butter
3185,Pasta
3185,Tea
3186,Baby Wipes
3186,Bread
3186,Butter
3186,Coffee
3186,Nappies
3186,Sugar
3186,Tea
3186,Tomato Sauce
3187,Baby Wipes
3187,Bread
3187,Butter
3187,Cheese
3187,Coffee
3187,Crisps
3187,Sugar
3188,Coffee
3188,Crisps
3188,Nappies
3188,Soft Drinks
3189,Nappies
3189,Pasta
3190,Baby Wipes
3190,Pasta
3190,Soft Drinks
3191,Bananas
3191,Bread
3191,Eggs
3191,Milk
3191,Pasta
3191,Tea
3191,Tomato Sauce
3192,Baby Wipes
3192,Bananas
3192,Bread
3192,Nappies
3192,Pasta
3192,Soft Drinks
3192,Tomato Sauce
3193,Bread
3193,Butter
3193,Cheese
3193,Coffee
3193,Crisps
3193,Pasta
3193,Soft Drinks
3193,Sugar
3193,Tomato Sauce
3194,Baby Wipes
3194,Coffee
3194,Crisps
3194,Nappies
3194,Pasta
3194,Soft Drinks
3194,Sugar
3194,Tea
3194,Tomato Sauce
3195,Bread
3195,Butter
3195,Eggs
3195,Milk
3195,Pasta
3195,Tea
3195,Tomato Sauce
3196,Cheese
3196,Pasta
3196,Tea
3196,Tomato Sauce
3197,Baby Wipes
3197,Bananas
3197,Nappies
3197,Soft Drinks
3197,Tea
3198,Baby Wipes
3198,Bananas
3198,Eggs
3198,Soft Drinks
3198,Sugar
3198,Tomato Sauce
3199,Butter
3199,Cheese
3199,Coffee
3199,Eggs
3199,Milk
3199,Sugar
3199,Tea
3200,Baby Wipes
3200,Bananas
3200,Butter
3200,Milk
3200,Nappies
3200,Sugar
3200,Tea
3201,Bananas
3201,Bread
3201,Eggs
3202,Bread
3202,Butter
3202,Coffee
3202,Eggs
3202,Milk
3202,Sugar
3202,Tea
3203,Baby Wipes
3203,Bananas
3203,Bread
3203,Butter
3203,Crisps
3203,Soft Drinks
3204,Bread
3204,Butter
3204,Crisps
3204,Pasta
3204,Soft Drinks
3204,Tea
3204,Tomato Sauce
3205,Baby Wipes
3205,Cheese
3205,Crisps
3205,Milk
3205,Nappies
3205,Pasta
3205,Soft Drinks
3205,Tomato Sauce
3206,Bread
3206,Butter
3206,Crisps
3206,Eggs
3206,Nappies
3206,Pasta
3206,Soft Drinks
3206,Tomato Sauce
3207,Baby Wipes
3207,Bread
3207,Butter
3207,Coffee
3207,Sugar
3208,Bananas
3208,Cheese
3208,Soft Drinks
3209,Baby Wipes
3209,Coffee
3209,Eggs
3209,Milk
3209,Nappies
3209,Soft Drinks
3209,Sugar
3209,Tea
3209,Tomato Sauce
3210,Bananas
3210,Bread
3210,Butter
3210,Coffee
3210,Crisps
3210,Eggs
3210,Soft Drinks
3210,Sugar
3211,Bananas
3211,Bread
3211,Butter
3211,Coffee
3211,Crisps
3211,Milk
3211,Soft Drinks
3212,Baby Wipes
3212,Coffee
3212,Eggs
3212,Nappies
3212,Pasta
3212,Sugar
3212,Tomato Sauce
3213,Baby Wipes
3213,Bread
3213,Butter
3213,Crisps
3213,Soft Drinks
3213,Sugar
3214,Crisps
3214,Eggs
3214,Pasta
3214,Soft Drinks
3214,Tomato Sauce
3215,Bread
3215,Butter
3215,Pasta
3215,Tomato Sauce
3216,Bananas
3216,Milk
3216,Pasta
3216,Tea
3217,Bread
3217,Butter
3217,Milk
3217,Tea
3218,Baby Wipes
3218,Butter
3218,Pasta
3218,Tomato Sauce
3219,Coffee
3219,Milk
3219,Nappies
3219,Pasta
3219,Sugar
3219,Tomato Sauce
3220,Bananas
3220,Crisps
3220,Milk
3220,Soft Drinks
3220,Sugar
3220,Tea
3220,Tomato Sauce
3221,Bananas
3221,Cheese
3221,Milk
3221,Pasta
3221,Sugar
3221,Tea
3221,Tomato Sauce
3222,Bread
3222,Crisps
3222,Eggs
3222,Milk
3223,Baby Wipes
3223,Bread
3223,Butter
3223,Nappies
3223,Tomato Sauce
3224,Baby Wipes
3224,Coffee
3224,Eggs
3224,Sugar
3225,Cheese
3225,Eggs
3225,Pasta
3225,Tomato Sauce
3226,Bananas
3226,Bread
3226,Coffee
3226,Sugar
3227,Baby Wipes
3227,Coffee
3227,Crisps
3227,Nappies
3227,Pasta
3227,Soft Drinks
3227,Sugar
3227,Tomato Sauce
3228,Baby Wipes
3228,Milk
3228,Nappies
3229,Baby Wipes
3229,Bananas
3229,Pasta
3229,Soft Drinks
3229,Sugar
3229,Tomato Sauce
3230,Bananas
3230,Crisps
3230,Milk
3230,Pasta
3230,Soft Drinks
3230,Sugar
3230,Tea
3230,Tomato Sauce
3231,Baby Wipes
3231,Bananas
3231,Cheese
3231,Nappies
3232,Crisps
3232,Milk
3232,Soft Drinks
3232,Sugar
3232,Tea
3233,Baby Wipes
3233,Cheese
3233,Coffee
3233,Nappies
3233,Sugar
3234,Baby Wipes
3234,Crisps
3234,Eggs
3234,Pasta
3234,Tea
3234,Tomato Sauce
3235,Baby Wipes
3235,Bread
3235,Butter
3235,Coffee
3235,Nappies
3235,Soft Drinks
3235,Sugar
3236,Cheese
3236,Crisps
3236,Eggs
3236,Soft Drinks
3236,Tomato Sauce
3237,Baby Wipes
3237,Crisps
3237,Milk
3237,Pasta
3237,Soft Drinks
3237,Tea
3237,Tomato Sauce
3238,Baby Wipes
3238,Cheese
3238,Crisps
3238,Nappies
3238,Soft Drinks
3239,Bananas
3239,Bread
3239,Butter
3239,Coffee
3239,Pasta
3239,Tea
3239,Tomato Sauce
3240,Bananas
3240,Butter
3240,Milk
3240,Tea
3241,Bread
3241,Cheese
3241,Coffee
3241,Crisps
3241,Soft Drinks
3242,Bananas
3242,Coffee
3242,Milk
3242,Pasta
3242,Soft Drinks
3242,Tea
3242,Tomato Sauce
3243,Bananas
3243,Coffee
3243,Eggs
3243,Milk
3243,Pasta
3243,Tea
3243,Tomato Sauce
3244,Butter
3244,Cheese
3244,Coffee
3244,Pasta
3244,Soft Drinks
3244,Tomato Sauce
3245,Butter
3245,Pasta
3245,Tomato Sauce
3246,Cheese
3246,Crisps
3246,Pasta
3246,Soft Drinks
3246,Sugar
3246,Tea
3246,Tomato Sauce
3247,Crisps
3247,Soft Drinks
3247,Tea
3248,Butter
3248,Cheese
3248,Crisps
3248,Milk
3248,Nappies
3248,Pasta
3248,Soft Drinks
3248,Tomato Sauce
3249,Bananas
3249,Tomato Sauce
3250,Bananas
3250,Crisps
3250,Pasta
3250,Soft Drinks
3250,Tomato Sauce
3251,Bananas
3251,Crisps
3251,Soft Drinks
3252,Bananas
3252,Crisps
3252,Eggs
3252,Milk
3252,Soft Drinks
3252,Tea
3253,Bananas
3253,Butter
3253,Cheese
3253,Coffee
3253,Milk
3253,Pasta
3253,Sugar
3254,Bread
3254,Butter
3254,Sugar
3255,Coffee
3255,Eggs
3255,Milk
3255,Tomato Sauce
3256,Baby Wipes
3256,Butter
3256,Cheese
3256,Coffee
3256,Nappies
3256,Sugar
3257,Baby Wipes
3257,Bananas
3257,Crisps
3257,Eggs
3257,Nappies
3257,Soft Drinks
3258,Baby Wipes
3258,Bananas
3258,Cheese
3258,Crisps
3258,Milk
3258,Tea
3259,Butter
3259,Cheese
3259,Crisps
3260,Crisps
3260,Milk
3260,Nappies
3260,Pasta
3260,Tea
3260,Tomato Sauce
3261,Coffee
3261,Crisps
3262,Baby Wipes
3262,Bananas
3262,Bread
3262,Butter
3262,Cheese
3262,Crisps
3263,Bread
3263,Butter
3263,Crisps
3264,Butter
3264,Sugar
3265,Bananas
3265,Tomato Sauce
3266,Bread
3266,Butter
3266,Cheese
3266,Coffee
3266,Eggs
3266,Milk
3266,Sugar
3266,Tea
3267,Baby Wipes
3267,Milk
3267,Nappies
3267,Pasta
3267,Tea
3267,Tomato Sauce
3268,Cheese
3268,Crisps
3268,Pasta
3268,Soft Drinks
3269,Baby Wipes
3269,Bananas
3269,Bread
3269,Butter
3269,Coffee
3269,Nappies
3269,Sugar
3269,Tea
3270,Bananas
3270,Bread
3270,Butter
3270,Coffee
3270,Soft Drinks
3270,Sugar
3271,Bananas
3271,Coffee
3271,Crisps
3271,Eggs
3271,Pasta
3271,Sugar
3271,Tea
3271,Tomato Sauce
3272,Baby Wipes
3272,Bread
3272,Butter
3272,Eggs
3272,Milk
3272,Sugar
3273,Crisps
3273,Milk
3273,Soft Drinks
3273,Sugar
3273,Tea
3274,Cheese
3274,Eggs
3275,Coffee
3275,Crisps
3275,Sugar
3276,Baby Wipes
3276,Coffee
3276,Milk
3276,Nappies
3276,Sugar
3276,Tomato Sauce
3277,Baby Wipes
3277,Bananas
3277,Nappies
3278,Crisps
3278,Pasta
3278,Soft Drinks
3278,Tea
3278,Tomato Sauce
3279,Eggs
3279,Milk
3279,Tea
3280,Cheese
3280,Eggs
3280,Milk
3281,Baby Wipes
3281,Bread
3281,Crisps
3281,Nappies
3281,Soft Drinks
3281,Sugar
3281,Tea
3282,Baby Wipes
3282,Nappies
3282,Tea
3283,Crisps
3283,Soft Drinks
3284,Coffee
3284,Sugar
3285,Baby Wipes
3285,Bread
3285,Butter
3285,Eggs
3285,Pasta
3285,Tea
3285,Tomato Sauce
3286,Butter
3286,Eggs
3287,Baby Wipes
3287,Bananas
3287,Cheese
3287,Crisps
3287,Nappies
3287,Soft Drinks
3287,Sugar
3288,Cheese
3288,Crisps
3288,Tomato Sauce
3289,Cheese
3289,Eggs
3289,Soft Drinks
3289,Tomato Sauce
3290,Baby Wipes
3290,Bananas
3290,Eggs
3290,Milk
3290,Nappies
3290,Pasta
3290,Tea
3290,Tomato Sauce
3291,Baby Wipes
3291,Bread
3291,Butter
3291,Coffee
3291,Sugar
3291,Tea
3292,Bananas
3292,Bread
3292,Butter
3292,Coffee
3292,Crisps
3292,Eggs
3292,Soft Drinks
3292,Tomato Sauce
3293,Baby Wipes
3293,Bananas
3293,Bread
3293,Butter
3293,Milk
3293,Nappies
3293,Tomato Sauce
3294,Baby Wipes
3294,Cheese
3294,Crisps
3294,Eggs
3294,Nappies
3294,Soft Drinks
3295,Bread
3295,Butter
3295,Pasta
3295,Tomato Sauce
3296,Baby Wipes
3296,Coffee
3296,Crisps
3296,Pasta
3296,Soft Drinks
3296,Sugar
3296,Tomato Sauce
3297,Bread
3297,Butter
3297,Milk
3297,Pasta
3297,Tea
3297,Tomato Sauce
3298,Bread
3298,Coffee
3298,Eggs
3298,Nappies
3298,Pasta
3298,Sugar
3298,Tomato Sauce
3299,Baby Wipes
3299,Coffee
3299,Crisps
3299,Nappies
3299,Soft Drinks
3299,Sugar
3300,Bread
3300,Milk
3300,Sugar
3301,Baby Wipes
3301,Butter
3301,Cheese
3301,Coffee
3301,Crisps
3301,Milk
3301,Soft Drinks
3301,Sugar
3301,Tea
3302,Bread
3302,Butter
3302,Cheese
3302,Coffee
3302,Eggs
3302,Pasta
3302,Sugar
3302,Tomato Sauce
3303,Baby Wipes
3303,Bread
3303,Butter
3303,Coffee
3303,Eggs
3303,Milk
3303,Nappies
3303,Sugar
3303,Tea
3304,Baby Wipes
3304,Cheese
3304,Eggs
3304,Milk
3304,Pasta
3304,Tea
3304,Tomato Sauce
3305,Baby Wipes
3305,Butter
3305,Coffee
3305,Crisps
3305,Pasta
3305,Soft Drinks
3305,Sugar
3305,Tomato Sauce
3306,Bread
3306,Butter
3306,Cheese
3306,Eggs
3306,Pasta
3306,Tomato Sauce
3307,Bananas
3307,Eggs
3307,Milk
3307,Tea
3308,Butter
3308,Crisps
3308,Tea
3309,Eggs
3309,Milk
3309,Nappies
3309,Pasta
3309,Tea
3309,Tomato Sauce
3310,Baby Wipes
3310,Butter
3310,Milk
3310,Nappies
3310,Tea
3311,Bananas
3311,Bread
3311,Eggs
3311,Nappies
3311,Sugar
3312,Bread
3312,Butter
3312,Coffee
3312,Nappies
3312,Pasta
3312,Tomato Sauce
3313,Baby Wipes
3313,Cheese
3314,Pasta
3314,Tea
3314,Tomato Sauce
3315,Baby Wipes
3315,Bread
3315,Butter
3315,Eggs
3315,Milk
3315,Nappies
3315,Soft Drinks
3315,Tea
3316,Baby Wipes
3316,Cheese
3317,Bread
3317,Sugar
3318,Baby Wipes
3318,Cheese
3318,Coffee
3318,Nappies
3318,Pasta
3318,Sugar
3318,Tomato Sauce
3319,Milk
3319,Pasta
3319,Soft Drinks
3319,Tea
3320,Eggs
3320,Pasta
3320,Tea
3320,Tomato Sauce
3321,Baby Wipes
3321,Coffee
3321,Nappies
3322,Bananas
3322,Bread
3322,Cheese
3322,Crisps
3322,Eggs
3322,Milk
3322,Soft Drinks
3323,Butter
3323,Coffee
3323,Sugar
3324,Soft Drinks
3324,Tomato Sauce
3325,Cheese
3325,Coffee
3325,Milk
3325,Pasta
3325,Soft Drinks
3325,Sugar
3325,Tea
3325,Tomato Sauce
3326,Baby Wipes
3326,Bananas
3326,Nappies
3327,Baby Wipes
3327,Bananas
3327,Nappies
3327,Pasta
3327,Tea
3327,Tomato Sauce
3328,Baby Wipes
3328,Bread
3328,Butter
3328,Cheese
3328,Crisps
3328,Sugar
3328,Tea
3329,Bananas
3329,Bread
3329,Butter
3329,Crisps
3330,Baby Wipes
3330,Bananas
3330,Bread
3330,Butter
3330,Eggs
3330,Nappies
3330,Sugar
3331,Baby Wipes
3331,Bread
3331,Cheese
3331,Soft Drinks
3331,Sugar
3331,Tomato Sauce
3332,Baby Wipes
3332,Crisps
3332,Soft Drinks
3333,Baby Wipes
3333,Butter
3333,Crisps
3333,Eggs
3333,Nappies
3334,Baby Wipes
3334,Bread
3334,Butter
3334,Cheese
3334,Crisps
3334,Milk
3334,Tea
3335,Baby Wipes
3335,Bread
3335,Crisps
3335,Soft Drinks
3335,Tomato Sauce
3336,Bread
3336,Crisps
3336,Pasta
3336,Soft Drinks
3337,Butter
3337,Tomato Sauce
3338,Baby Wipes
3338,Coffee
3338,Crisps
3338,Milk
3338,Nappies
3338,Pasta
3338,Soft Drinks
3338,Tomato Sauce
3339,Bananas
3339,Cheese
3339,Coffee
3339,Milk
3339,Nappies
3339,Sugar
3339,Tea
3340,Coffee
3340,Crisps
3340,Milk
3340,Pasta
3340,Tea
3340,Tomato Sauce
3341,Baby Wipes
3341,Crisps
3341,Nappies
3341,Sugar
3342,Bread
3342,Butter
3342,Eggs
3342,Soft Drinks
3343,Baby Wipes
3343,Coffee
3343,Crisps
3343,Eggs
3343,Nappies
3343,Soft Drinks
3343,Sugar
3344,Baby Wipes
3344,Crisps
3344,Nappies
3345,Bread
3345,Butter
3345,Cheese
3345,Coffee
3345,Milk
3345,Pasta
3345,Tea
3345,Tomato Sauce
3346,Baby Wipes
3346,Bananas
3346,Cheese
3346,Coffee
3346,Sugar
3347,Baby Wipes
3347,Bread
3347,Butter
3347,Nappies
3347,Pasta
3347,Tomato Sauce
3348,Baby Wipes
3348,Cheese
3348,Nappies
3348,Soft Drinks
3348,Tomato Sauce
3349,Coffee
3349,Crisps
3350,Bread
3350,Butter
3350,Crisps
3350,Pasta
3351,Bread
3351,Coffee
3351,Sugar
3352,Baby Wipes
3352,Crisps
3352,Milk
3352,Nappies
3352,Sugar
3352,Tomato Sauce
3353,Baby Wipes
3353,Bread
3353,Butter
3353,Cheese
3353,Coffee
3353,Nappies
3354,Bananas
3354,Bread
3354,Butter
3354,Crisps
3354,Soft Drinks
3354,Tea
3355,Baby Wipes
3355,Cheese
3355,Coffee
3355,Eggs
3355,Milk
3355,Nappies
3355,Sugar
3356,Baby Wipes
3356,Bananas
3356,Bread
3356,Butter
3356,Cheese
3356,Milk
3356,Nappies
3357,Baby Wipes
3357,Cheese
3357,Nappies
3358,Butter
3358,Crisps
3358,Soft Drinks
3359,Cheese
3359,Coffee
3359,Crisps
3359,Milk
3359,Pasta
3359,Soft Drinks
3359,Sugar
3359,Tea
3359,Tomato Sauce
3360,Coffee
3360,Eggs
3360,Milk
3360,Pasta
3360,Sugar
3360,Tea
3360,Tomato Sauce
3361,Baby Wipes
3361,Bread
3361,Butter
3361,Coffee
3361,Eggs
3361,Nappies
3362,Bananas
3362,Coffee
3362,Milk
3362,Sugar
3362,Tomato Sauce
3363,Coffee
3363,Eggs
3363,Pasta
3363,Sugar
3363,Tomato Sauce
3364,Baby Wipes
3364,Bread
3364,Butter
3364,Eggs
3364,Nappies
3364,Pasta
3364,Tomato Sauce
3365,Cheese
3365,Coffee
3365,Eggs
3365,Milk
3365,Soft Drinks
3365,Sugar
3366,Bread
3366,Butter
3366,Coffee
3366,Sugar
3367,Baby Wipes
3367,Cheese
3367,Coffee
3367,Crisps
3367,Milk
3367,Nappies
3367,Soft Drinks
3367,Sugar
3367,Tea
3368,Coffee
3368,Pasta
3368,Tomato Sauce
3369,Bananas
3369,Milk
3369,Pasta
3369,Tea
3369,Tomato Sauce
3370,Coffee
3370,Crisps
3370,Milk
3370,Tea
3371,Bread
3371,Butter
3371,Coffee
3371,Pasta
3371,Sugar
3371,Tomato Sauce
3372,Bananas
3372,Bread
3372,Butter
3372,Nappies
3372,Soft Drinks
3372,Sugar
3372,Tomato Sauce
3373,Baby Wipes
3373,Butter
3373,Coffee
3373,Milk
3373,Sugar
3374,Bananas
3374,Coffee
3374,Crisps
3374,Pasta
3374,Sugar
3374,Tomato Sauce
3375,Bread
3375,Butter
3375,Eggs
3375,Tea
3376,Cheese
3376,Nappies
3376,Pasta
3376,Tomato Sauce
3377,Cheese
3377,Sugar
3377,Tomato Sauce
3378,Cheese
3378,Crisps
3378,Milk
3378,Soft Drinks
3378,Tea
3379,Bananas
3379,Bread
3379,Butter
3379,Coffee
3379,Crisps
3379,Soft Drinks
3379,Sugar
3379,Tomato Sauce
3380,Bread
3380,Milk
3380,Tea
3381,Butter
3381,Crisps
3381,Tomato Sauce
3382,Bread
3382,Butter
3382,Milk
3382,Soft Drinks
3383,Baby Wipes
3383,Eggs
3383,Milk
3383,Nappies
3383,Pasta
3383,Tea
3383,Tomato Sauce
3384,Crisps
3384,Eggs
3385,Bread
3385,Nappies
3386,Bread
3386,Coffee
3386,Pasta
3386,Sugar
3386,Tomato Sauce
3387,Bread
3387,Butter
3387,Pasta
3387,Tomato Sauce
3388,Bananas
3388,Bread
3388,Butter
3388,Crisps
3388,Milk
3388,Soft Drinks
3389,Baby Wipes
3389,Butter
3389,Eggs
3390,Pasta
3390,Sugar
3391,Baby Wipes
3391,Bananas
3391,Nappies
3391,Pasta
3391,Tomato Sauce
3392,Butter
3392,Crisps
3392,Soft Drinks
3393,Baby Wipes
3393,Bananas
3393,Bread
3393,Butter
3393,Coffee
3393,Nappies
3393,Sugar
3394,Baby Wipes
3394,Butter
3394,Pasta
3394,Tomato Sauce
3395,Coffee
3395,Crisps
3395,Eggs
3395,Milk
3395,Pasta
3395,Soft Drinks
3395,Tomato Sauce
3396,Bananas
3396,Bread
3396,Butter
3396,Cheese
3396,Coffee
3396,Sugar
3396,Tea
3397,Bread
3397,Butter
3397,Cheese
3397,Milk
3397,Tea
3398,Baby Wipes
3398,Crisps
3398,Eggs
3398,Nappies
3399,Bread
3399,Butter
3399,Cheese
3399,Coffee
3399,Eggs
3399,Milk
3399,Sugar
3399,Tea
3400,Baby Wipes
3400,Bread
3400,Butter
3400,Cheese
3400,Nappies
3401,Baby Wipes
3401,Butter
3401,Crisps
3401,Nappies
3401,Pasta
3402,Baby Wipes
3402,Bread
3402,Butter
3402,Crisps
3402,Eggs
3402,Nappies
3402,Pasta
3402,Soft Drinks
3402,Tomato Sauce
3403,Butter
3403,Cheese
3403,Coffee
3403,Eggs
3403,Sugar
3404,Baby Wipes
3404,Cheese
3404,Eggs
3404,Soft Drinks
3405,Baby Wipes
3405,Coffee
3405,Eggs
3405,Milk
3405,Pasta
3405,Tea
3405,Tomato Sauce
3406,Baby Wipes
3406,Bananas
3406,Bread
3406,Milk
3406,Tea
3406,Tomato Sauce
3407,Butter
3407,Eggs
3408,Bread
3408,Milk
3409,Baby Wipes
3409,Butter
3409,Milk
3409,Nappies
3409,Pasta
3409,Tomato Sauce
3410,Baby Wipes
3410,Bread
3410,Coffee
3410,Soft Drinks
3410,Sugar
3410,Tea
3410,Tomato Sauce
3411,Bananas
3411,Coffee
3411,Sugar
3412,Butter
3412,Coffee
3412,Pasta
3412,Soft Drinks
3412,Sugar
3413,Pasta
3413,Tomato Sauce
3414,Bread
3414,Butter
3414,Cheese
3414,Coffee
3414,Eggs
3414,Pasta
3415,Baby Wipes
3415,Bananas
3415,Nappies
3416,Bread
3416,Butter
3416,Crisps
3416,Milk
3416,Tea
3416,Tomato Sauce
3417,Baby Wipes
3417,Bread
3417,Cheese
3417,Sugar
3417,Tomato Sauce
3418,Baby Wipes
3418,Bread
3418,Butter
3418,Cheese
3418,Crisps
3418,Nappies
3418,Tomato Sauce
3419,Bananas
3419,Bread
3419,Butter
3419,Milk
3420,Cheese
3420,Crisps
3420,Milk
3420,Soft Drinks
3421,Bread
3421,Butter
3421,Coffee
3421,Tomato Sauce
3422,Cheese
3422,Coffee
3422,Tea
3423,Baby Wipes
3423,Coffee
3423,Milk
3423,Sugar
3423,Tea
3424,Bread
3424,Butter
3424,Cheese
3424,Soft Drinks
3425,Bananas
3425,Crisps
3425,Eggs
3425,Tea
3426,Bread
3426,Butter
3426,Crisps
3426,Soft Drinks
3427,Butter
3427,Eggs
3427,Pasta
3427,Tomato Sauce
3428,Baby Wipes
3428,Bananas
3428,Butter
3428,Coffee
3428,Nappies
3428,Sugar
3429,Bread
3429,Butter
3429,Crisps
3429,Eggs
3429,Nappies
3429,Soft Drinks
3429,Sugar
3430,Coffee
3430,Pasta
3430,Sugar
3430,Tomato Sauce
3431,Baby Wipes
3431,Bananas
3431,Butter
3431,Cheese
3431,Coffee
3431,Nappies
3431,Soft Drinks
3431,Sugar
3432,Baby Wipes
3432,Coffee
3432,Nappies
3432,Sugar
3433,Baby Wipes
3433,Nappies
3433,Pasta
3433,Sugar
3433,Tomato Sauce
3434,Bananas
3434,Coffee
3434,Nappies
3434,Sugar
3435,Crisps
3435,Eggs
3435,Milk
3435,Pasta
3435,Soft Drinks
3435,Tomato Sauce
3436,Baby Wipes
3436,Nappies
3436,Pasta
3436,Tomato Sauce
3437,Bananas
3437,Bread
3437,Butter
3437,Cheese
3437,Coffee
3437,Sugar
3438,Bread
3438,Coffee
3438,Pasta
3438,Sugar
3438,Tomato Sauce
3439,Baby Wipes
3439,Bananas
3439,Crisps
3439,Eggs
3439,Milk
3439,Pasta
3439,Tomato Sauce
3440,Baby Wipes
3440,Crisps
3440,Milk
3441,Bananas
3441,Eggs
3442,Cheese
3442,Crisps
3442,Milk
3442,Soft Drinks
3442,Tea
3443,Baby Wipes
3443,Crisps
3443,Eggs
3443,Nappies
3443,Pasta
3443,Sugar
3443,Tea
3443,Tomato Sauce
3444,Bananas
3444,Crisps
3444,Tomato Sauce
3445,Bread
3445,Butter
3445,Cheese
3445,Eggs
3445,Milk
3445,Nappies
3446,Bread
3446,Eggs
3447,Bananas
3447,Coffee
3447,Eggs
3447,Tomato Sauce
3448,Bananas
3448,Crisps
3448,Eggs
3448,Milk
3448,Pasta
3448,Soft Drinks
3448,Tomato Sauce
3449,Baby Wipes
3449,Crisps
3449,Milk
3449,Nappies
3449,Pasta
3449,Soft Drinks
3449,Tomato Sauce
3450,Bread
3450,Butter
3450,Milk
3450,Pasta
3450,Sugar
3450,Tea
3450,Tomato Sauce
3451,Cheese
3451,Coffee
3451,Eggs
3451,Milk
3451,Pasta
3451,Sugar
3451,Tomato Sauce
3452,Bananas
3452,Bread
3452,Butter
3452,Coffee
3452,Eggs
3452,Milk
3452,Sugar
3453,Coffee
3453,Crisps
3453,Eggs
3453,Pasta
3453,Soft Drinks
3453,Sugar
3453,Tea
3453,Tomato Sauce
3454,Baby Wipes
3454,Bananas
3454,Coffee
3454,Crisps
3454,Milk
3454,Nappies
3454,Tea
3455,Bread
3455,Butter
3455,Cheese
3455,Milk
3455,Pasta
3455,Tomato Sauce
3456,Baby Wipes
3456,Cheese
3456,Coffee
3456,Crisps
3456,Eggs
3456,Soft Drinks
3456,Sugar
3456,Tomato Sauce
3457,Baby Wipes
3457,Bananas
3457,Bread
3457,Butter
3457,Nappies
3458,Bread
3458,Butter
3458,Cheese
3458,Soft Drinks
3459,Baby Wipes
3459,Butter
3459,Coffee
3459,Milk
3459,Nappies
3459,Sugar
3459,Tea
3460,Baby Wipes
3460,Bananas
3460,Cheese
3460,Milk
3460,Nappies
3460,Tomato Sauce
3461,Bread
3461,Butter
3461,Coffee
3461,Eggs
3461,Sugar
3462,Bread
3462,Butter
3462,Milk
3462,Pasta
3462,Tomato Sauce
3463,Bread
3463,Butter
3463,Coffee
3463,Sugar
3464,Milk
3464,Pasta
3464,Tea
3464,Tomato Sauce
3465,Baby Wipes
3465,Bread
3465,Butter
3465,Milk
3465,Nappies
3465,Pasta
3466,Bread
3466,Butter
3466,Cheese
3466,Crisps
3466,Eggs
3466,Milk
3466,Sugar
3467,Bread
3467,Butter
3467,Nappies
3467,Soft Drinks
3467,Sugar
3468,Bread
3468,Butter
3468,Crisps
3468,Eggs
3468,Milk
3468,Soft Drinks
3469,Baby Wipes
3469,Coffee
3469,Crisps
3469,Nappies
3469,Soft Drinks
3469,Sugar
3469,Tea
3470,Bananas
3470,Butter
3470,Eggs
3470,Pasta
3470,Soft Drinks
3471,Baby Wipes
3471,Bread
3471,Butter
3471,Coffee
3471,Eggs
3471,Milk
3471,Nappies
3472,Baby Wipes
3472,Butter
3472,Pasta
3472,Sugar
3472,Tomato Sauce
3473,Baby Wipes
3473,Bananas
3473,Nappies
3474,Baby Wipes
3474,Nappies
3474,Sugar
3475,Bread
3475,Butter
3475,Coffee
3475,Milk
3475,Sugar
3476,Bananas
3476,Coffee
3476,Milk
3476,Tea
3477,Baby Wipes
3477,Milk
3478,Bananas
3478,Bread
3478,Butter
3478,Cheese
3478,Sugar
3478,Tea
3479,Bread
3479,Coffee
3479,Eggs
3479,Pasta
3479,Sugar
3479,Tomato Sauce
3480,Bananas
3480,Bread
3480,Butter
3480,Coffee
3480,Eggs
3480,Sugar
3481,Bananas
3481,Crisps
3481,Milk
3481,Soft Drinks
3482,Baby Wipes
3482,Butter
3482,Crisps
3482,Soft Drinks
3483,Bananas
3483,Coffee
3483,Pasta
3483,Sugar
3483,Tomato Sauce
3484,Crisps
3484,Eggs
3485,Bread
3485,Butter
3485,Cheese
3485,Coffee
3485,Nappies
3485,Sugar
3486,Butter
3486,Eggs
3487,Butter
3487,Cheese
3487,Crisps
3487,Eggs
3487,Milk
3487,Pasta
3487,Tea
3488,Butter
3488,Cheese
3488,Coffee
3488,Milk
3488,Soft Drinks
3488,Tea
3489,Baby Wipes
3489,Bananas
3489,Bread
3489,Crisps
3489,Milk
3489,Nappies
3489,Soft Drinks
3490,Milk
3490,Sugar
3491,Baby Wipes
3491,Nappies
3491,Pasta
3491,Tomato Sauce
3492,Baby Wipes
3492,Bananas
3492,Cheese
3492,Coffee
3492,Crisps
3492,Nappies
3492,Sugar
3493,Bread
3493,Butter
3493,Pasta
3494,Bananas
3494,Cheese
3495,Bananas
3495,Bread
3495,Butter
3495,Crisps
3495,Nappies
3496,Coffee
3496,Milk
3497,Baby Wipes
3497,Milk
3497,Nappies
3497,Pasta
3497,Sugar
3497,Tea
3497,Tomato Sauce
3498,Cheese
3498,Pasta
3498,Tomato Sauce
3499,Baby Wipes
3499,Nappies
3499,Pasta
3499,Tomato Sauce
3500,Coffee
3500,Crisps
3500,Milk
3500,Nappies
3500,Pasta
3500,Tea
3500,Tomato Sauce
3501,Butter
3501,Crisps
3501,Nappies
3501,Pasta
3501,Tomato Sauce
3502,Bananas
3502,Coffee
3502,Tomato Sauce
3503,Baby Wipes
3503,Bread
3503,Butter
3503,Cheese
3503,Crisps
3503,Pasta
3503,Tomato Sauce
3504,Baby Wipes
3504,Butter
3504,Cheese
3504,Nappies
3504,Pasta
3504,Soft Drinks
3504,Tea
3504,Tomato Sauce
3505,Baby Wipes
3505,Cheese
3505,Crisps
3505,Eggs
3505,Nappies
3505,Soft Drinks
3505,Sugar
3506,Bread
3506,Butter
3506,Cheese
3507,Crisps
3507,Tea
3508,Bananas
3508,Cheese
3508,Coffee
3508,Sugar
3509,Butter
3509,Milk
3509,Sugar
3509,Tea
3510,Eggs
3510,Tea
3511,Crisps
3511,Milk
3511,Pasta
3511,Soft Drinks
3511,Sugar
3511,Tea
3511,Tomato Sauce
3512,Cheese
3512,Milk
3513,Pasta
3513,Sugar
3513,Tomato Sauce
3514,Bread
3514,Butter
3514,Crisps
3514,Nappies
3514,Soft Drinks
3514,Sugar
3515,Coffee
3515,Crisps
3515,Eggs
3515,Soft Drinks
3515,Sugar
3515,Tomato Sauce
3516,Baby Wipes
3516,Milk
3516,Tomato Sauce
3517,Bread
3517,Eggs
3518,Baby Wipes
3518,Bread
3518,Butter
3518,Eggs
3518,Pasta
3518,Tomato Sauce
3519,Baby Wipes
3519,Cheese
3519,Crisps
3519,Eggs
3519,Nappies
3519,Pasta
3519,Soft Drinks
3520,Bananas
3520,Cheese
3520,Coffee
3520,Milk
3520,Sugar
3521,Baby Wipes
3521,Cheese
3521,Coffee
3521,Soft Drinks
3521,Sugar
3522,Bread
3522,Butter
3522,Cheese
3523,Baby Wipes
3523,Bananas
3523,Butter
3523,Coffee
3523,Eggs
3523,Sugar
3524,Baby Wipes
3524,Bananas
3524,Eggs
3524,Milk
3524,Nappies
3524,Tea
3524,Tomato Sauce
3525,Bread
3525,Butter
3525,Cheese
3525,Coffee
3525,Crisps
3525,Pasta
3526,Pasta
3526,Tea
3526,Tomato Sauce
3527,Bread
3527,Butter
3527,Crisps
3527,Eggs
3527,Nappies
3527,Tomato Sauce
3528,Crisps
3528,Milk
3528,Tea
3529,Butter
3529,Coffee
3529,Crisps
3529,Soft Drinks
3529,Sugar
3529,Tea
3529,Tomato Sauce
3530,Bread
3530,Crisps
3530,Eggs
3530,Soft Drinks
3530,Sugar
3531,Butter
3531,Crisps
3531,Nappies
3531,Soft Drinks
3532,Baby Wipes
3532,Bananas
3532,Crisps
3532,Eggs
3532,Nappies
3532,Soft Drinks
3532,Tomato Sauce
3533,Cheese
3533,Coffee
3533,Nappies
3534,Cheese
3534,Eggs
3534,Pasta
3534,Sugar
3534,Tea
3534,Tomato Sauce
3535,Baby Wipes
3535,Cheese
3535,Crisps
3535,Milk
3535,Nappies
3535,Soft Drinks
3535,Tea
3536,Baby Wipes
3536,Cheese
3536,Eggs
3537,Baby Wipes
3537,Crisps
3537,Nappies
3538,Cheese
3538,Pasta
3538,Tomato Sauce
3539,Bananas
3539,Bread
3539,Butter
3540,Baby Wipes
3540,Crisps
3540,Eggs
3540,Nappies
3540,Tea
3541,Crisps
3541,Soft Drinks
3541,Tea
3542,Baby Wipes
3542,Nappies
3542,Soft Drinks
3543,Baby Wipes
3543,Eggs
3543,Milk
3543,Nappies
3543,Pasta
3543,Tea
3543,Tomato Sauce
3544,Cheese
3544,Coffee
3544,Eggs
3544,Nappies
3544,Tea
3544,Tomato Sauce
3545,Baby Wipes
3545,Bread
3545,Butter
3545,Coffee
3545,Crisps
3545,Milk
3545,Tea
3546,Butter
3546,Cheese
3546,Milk
3546,Tea
3547,Baby Wipes
3547,Bananas
3547,Bread
3547,Butter
3547,Nappies
3548,Baby Wipes
3548,Butter
3548,Cheese
3548,Nappies
3549,Bread
3549,Coffee
3549,Milk
3549,Sugar
3550,Milk
3550,Pasta
3550,Tomato Sauce
3551,Bread
3551,Butter
3551,Coffee
3551,Eggs
3551,Soft Drinks
3551,Sugar
3552,Baby Wipes
3552,Bread
3552,Butter
3552,Coffee
3552,Crisps
3552,Nappies
3552,Pasta
3552,Sugar
3552,Tea
3553,Baby Wipes
3553,Bananas
3553,Coffee
3553,Milk
3553,Tea
3554,Baby Wipes
3554,Eggs
3554,Nappies
3554,Tea
3555,Bread
3555,Butter
3555,Eggs
3555,Milk
3555,Tea
3556,Baby Wipes
3556,Bread
3556,Coffee
3556,Pasta
3557,Bread
3557,Cheese
3557,Pasta
3557,Tomato Sauce
3558,Baby Wipes
3558,Bananas
3558,Crisps
3558,Milk
3558,Pasta
3558,Tea
3558,Tomato Sauce
3559,Eggs
3559,Milk
3559,Tea
3560,Bananas
3560,Bread
3560,Eggs
3560,Pasta
3560,Soft Drinks
3561,Baby Wipes
3561,Butter
3561,Milk
3561,Pasta
3561,Tea
3562,Baby Wipes
3562,Coffee
3562,Crisps
3562,Nappies
3562,Sugar
3563,Butter
3563,Crisps
3563,Eggs
3563,Pasta
3563,Soft Drinks
3563,Tomato Sauce
3564,Baby Wipes
3564,Crisps
3564,Eggs
3564,Nappies
3564,Soft Drinks
3564,Tomato Sauce
3565,Baby Wipes
3565,Butter
3565,Cheese
3565,Crisps
3565,Nappies
3565,Soft Drinks
3566,Butter
3566,Eggs
3566,Milk
3566,Pasta
3566,Tea
3566,Tomato Sauce
3567,Baby Wipes
3567,Bananas
3567,Butter
3567,Crisps
3567,Nappies
3567,Soft Drinks
3568,Coffee
3568,Crisps
3568,Soft Drinks
3569,Baby Wipes
3569,Bananas
3569,Butter
3569,Crisps
3569,Nappies
3569,Soft Drinks
3569,Sugar
3569,Tomato Sauce
3570,Bananas
3570,Butter
3570,Cheese
3570,Crisps
3570,Soft Drinks
3571,Baby Wipes
3571,Butter
3571,Cheese
3571,Coffee
3571,Crisps
3571,Eggs
3571,Nappies
3571,Soft Drinks
3571,Sugar
3572,Baby Wipes
3572,Nappies
3572,Pasta
3572,Sugar
3572,Tomato Sauce
3573,Baby Wipes
3573,Bread
3573,Butter
3573,Coffee
3573,Crisps
3573,Eggs
3573,Nappies
3573,Sugar
3574,Crisps
3574,Milk
3574,Soft Drinks
3575,Bananas
3575,Butter
3575,Soft Drinks
3576,Bananas
3576,Cheese
3576,Milk
3576,Pasta
3576,Tomato Sauce
3577,Bread
3577,Coffee
3577,Milk
3577,Pasta
3577,Tomato Sauce
3578,Baby Wipes
3578,Crisps
3578,Milk
3578,Pasta
3578,Soft Drinks
3579,Baby Wipes
3579,Crisps
3579,Eggs
3579,Nappies
3579,Soft Drinks
3579,Tomato Sauce
3580,Baby Wipes
3580,Bread
3580,Crisps
3580,Eggs
3580,Nappies
3580,Soft Drinks
3580,Sugar
3581,Baby Wipes
3581,Bananas
3581,Bread
3581,Butter
3581,Nappies
3581,Soft Drinks
3581,Sugar
3582,Bananas
3582,Crisps
3582,Soft Drinks
3583,Bread
3583,Pasta
3583,Sugar
3583,Tomato Sauce
3584,Bread
3584,Butter
3584,Sugar
3585,Bread
3585,Butter
3585,Eggs
3585,Tea
3585,Tomato Sauce
3586,Bread
3586,Butter
3587,Cheese
3587,Milk
3587,Pasta
3587,Tea
3587,Tomato Sauce
3588,Bread
3588,Butter
3588,Crisps
3588,Milk
3588,Soft Drinks
3589,Milk
3589,Nappies
3589,Tea
3590,Baby Wipes
3590,Bread
3590,Butter
3590,Milk
3590,Nappies
3590,Pasta
3590,Tea
3590,Tomato Sauce
3591,Baby Wipes
3591,Bread
3591,Butter
3591,Cheese
3591,Pasta
3591,Tomato Sauce
3592,Bread
3592,Butter
3592,Eggs
3593,Baby Wipes
3593,Bananas
3593,Cheese
3593,Coffee
3593,Nappies
3593,Pasta
3594,Bread
3594,Butter
3594,Pasta
3594,Tomato Sauce
3595,Baby Wipes
3595,Bread
3595,Butter
3595,Cheese
3595,Nappies
3595,Pasta
3595,Tomato Sauce
3596,Cheese
3596,Milk
3596,Sugar
3597,Butter
3597,Sugar
3598,Baby Wipes
3598,Bread
3598,Butter
3598,Cheese
3598,Eggs
3598,Nappies
3598,Pasta
3598,Tomato Sauce
3599,Bananas
3599,Crisps
3599,Eggs
3599,Soft Drinks
3600,Baby Wipes
3600,Bananas
3600,Milk
3600,Nappies
3600,Tea
3601,Bread
3601,Coffee
3602,Baby Wipes
3602,Eggs
3602,Milk
3602,Nappies
3602,Sugar
3602,Tea
3602,Tomato Sauce
3603,Crisps
3603,Milk
3603,Nappies
3603,Soft Drinks
3604,Pasta
3604,Soft Drinks
3604,Tea
3604,Tomato Sauce
3605,Crisps
3605,Pasta
3605,Soft Drinks
3605,Sugar
3605,Tomato Sauce
3606,Baby Wipes
3606,Crisps
3606,Milk
3606,Nappies
3606,Tea
3607,Bread
3607,Milk
3607,Pasta
3607,Tomato Sauce
3608,Bananas
3608,Bread
3608,Butter
3608,Crisps
3608,Milk
3608,Pasta
3608,Tomato Sauce
3609,Baby Wipes
3609,Cheese
3609,Coffee
3609,Milk
3609,Sugar
3610,Cheese
3610,Crisps
3610,Milk
3610,Nappies
3610,Tea
3611,Bread
3611,Butter
3611,Cheese
3611,Coffee
3611,Eggs
3611,Sugar
3611,Tomato Sauce
3612,Baby Wipes
3612,Bananas
3612,Nappies
3612,Tea
3613,Milk
3613,Pasta
3613,Soft Drinks
3613,Sugar
3613,Tea
3614,Bananas
3614,Butter
3614,Crisps
3614,Milk
3614,Soft Drinks
3614,Tea
3615,Baby Wipes
3615,Milk
3615,Nappies
3615,Pasta
3615,Tea
3615,Tomato Sauce
3616,Bananas
3616,Eggs
3616,Tomato Sauce
3617,Bread
3617,Crisps
3617,Milk
3617,Pasta
3617,Soft Drinks
3617,Sugar
3617,Tea
3617,Tomato Sauce
3618,Baby Wipes
3618,Bananas
3618,Butter
3618,Nappies
3619,Bananas
3619,Bread
3619,Soft Drinks
3620,Baby Wipes
3620,Bread
3620,Butter
3620,Pasta
3620,Tomato Sauce
3621,Bread
3621,Crisps
3621,Milk
3621,Nappies
3621,Pasta
3622,Baby Wipes
3622,Bread
3622,Butter
3622,Pasta
3622,Tomato Sauce
3623,Bread
3623,Cheese
3623,Milk
3623,Sugar
3623,Tea
3624,Baby Wipes
3624,Bananas
3624,Bread
3624,Butter
3624,Cheese
3625,Baby Wipes
3625,Bread
3625,Butter
3625,Nappies
3626,Baby Wipes
3626,Milk
3626,Nappies
3626,Pasta
3626,Tea
3627,Bread
3627,Butter
3627,Crisps
3627,Milk
3627,Soft Drinks
3627,Tomato Sauce
3628,Baby Wipes
3628,Nappies
3628,Tea
3629,Coffee
3629,Crisps
3629,Soft Drinks
3629,Sugar
3630,Baby Wipes
3630,Coffee
3630,Eggs
3630,Soft Drinks
3631,Bananas
3631,Crisps
3631,Pasta
3631,Sugar
3631,Tomato Sauce
3632,Bananas
3632,Cheese
3632,Crisps
3633,Baby Wipes
3633,Nappies
3633,Tomato Sauce
3634,Baby Wipes
3634,Bread
3634,Butter
3634,Cheese
3634,Milk
3634,Nappies
3634,Tea
3635,Baby Wipes
3635,Bread
3635,Crisps
3635,Eggs
3635,Sugar
3635,Tomato Sauce
3636,Baby Wipes
3636,Nappies
3636,Pasta
3636,Tomato Sauce
3637,Butter
3637,Soft Drinks
3638,Cheese
3638,Coffee
3638,Crisps
3638,Eggs
3638,Soft Drinks
3638,Sugar
3639,Baby Wipes
3639,Bread
3639,Butter
3639,Cheese
3639,Sugar
3639,Tea
3639,Tomato Sauce
3640,Coffee
3640,Milk
3640,Nappies
3640,Pasta
3640,Soft Drinks
3640,Sugar
3640,Tea
3640,Tomato Sauce
3641,Baby Wipes
3641,Milk
3641,Nappies
3641,Soft Drinks
3642,Bananas
3642,Bread
3642,Butter
3642,Pasta
3642,Tomato Sauce
3643,Milk
3643,Pasta
3644,Baby Wipes
3644,Crisps
3644,Milk
3644,Nappies
3644,Soft Drinks
3644,Tea
3645,Pasta
3645,Sugar
3645,Tomato Sauce
3646,Baby Wipes
3646,Bread
3646,Butter
3646,Nappies
3646,Pasta
3646,Tomato Sauce
3647,Baby Wipes
3647,Bananas
3647,Butter
3647,Coffee
3647,Sugar
3648,Baby Wipes
3648,Bananas
3648,Eggs
3648,Milk
3648,Nappies
3648,Pasta
3648,Tomato Sauce
3649,Bananas
3649,Crisps
3649,Milk
3649,Pasta
3649,Tea
3649,Tomato Sauce
3650,Cheese
3650,Eggs
3651,Crisps
3651,Soft Drinks
3652,Bread
3652,Butter
3652,Cheese
3652,Coffee
3652,Sugar
3653,Baby Wipes
3653,Bananas
3653,Bread
3653,Butter
3653,Crisps
3653,Nappies
3653,Soft Drinks
3654,Baby Wipes
3654,Coffee
3654,Milk
3654,Nappies
3654,Tea
3655,Baby Wipes
3655,Bread
3655,Coffee
3655,Eggs
3655,Milk
3655,Nappies
3655,Sugar
3655,Tea
3656,Butter
3656,Pasta
3656,Tomato Sauce
3657,Coffee
3657,Milk
3657,Pasta
3657,Sugar
3657,Tea
3657,Tomato Sauce
3658,Bread
3658,Cheese
3658,Coffee
3658,Crisps
3658,Pasta
3658,Soft Drinks
3658,Tomato Sauce
3659,Baby Wipes
3659,Butter
3659,Cheese
3659,Crisps
3659,Milk
3659,Nappies
3659,Soft Drinks
3660,Bananas
3660,Bread
3660,Butter
3660,Coffee
3660,Crisps
3660,Eggs
3660,Nappies
3661,Baby Wipes
3661,Cheese
3661,Eggs
3661,Nappies
3662,Baby Wipes
3662,Bananas
3662,Coffee
3662,Milk
3662,Nappies
3662,Sugar
3663,Baby Wipes
3663,Bread
3663,Butter
3663,Coffee
3663,Nappies
3663,Pasta
3664,Baby Wipes
3664,Butter
3664,Cheese
3664,Crisps
3664,Milk
3664,Pasta
3664,Soft Drinks
3664,Tea
3664,Tomato Sauce
3665,Baby Wipes
3665,Milk
3665,Nappies
3665,Tea
3666,Crisps
3666,Milk
3666,Soft Drinks
3667,Crisps
3667,Soft Drinks
3667,Tea
3667,Tomato Sauce
3668,Bananas
3668,Bread
3668,Cheese
3668,Pasta
3668,Soft Drinks
3668,Tomato Sauce
3669,Bread
3669,Butter
3669,Soft Drinks
3670,Baby Wipes
3670,Bananas
3670,Bread
3670,Butter
3670,Nappies
3670,Pasta
3670,Sugar
3670,Tomato Sauce
3671,Baby Wipes
3671,Bananas
3671,Coffee
3671,Eggs
3671,Nappies
3671,Sugar
3671,Tomato Sauce
3672,Baby Wipes
3672,Bread
3672,Butter
3672,Crisps
3672,Nappies
3672,Soft Drinks
3672,Tomato Sauce
3673,Eggs
3673,Pasta
3673,Tomato Sauce
3674,Bread
3674,Butter
3674,Crisps
3674,Soft Drinks
3675,Baby Wipes
3675,Bananas
3675,Crisps
3676,Butter
3676,Coffee
3676,Eggs
3676,Milk
3676,Pasta
3676,Sugar
3676,Tomato Sauce
3677,Baby Wipes
3677,Nappies
3677,Pasta
3677,Tomato Sauce
3678,Coffee
3678,Pasta
3678,Sugar
3678,Tomato Sauce
3679,Crisps
3679,Milk
3679,Pasta
3679,Soft Drinks
3679,Tea
3680,Bread
3680,Butter
3681,Baby Wipes
3681,Bread
3681,Nappies
3681,Sugar
3682,Crisps
3682,Milk
3682,Pasta
3682,Tea
3683,Baby Wipes
3683,Bananas
3683,Crisps
3683,Milk
3683,Nappies
3683,Soft Drinks
3683,Tomato Sauce
3684,Baby Wipes
3684,Bananas
3684,Coffee
3684,Eggs
3684,Nappies
3684,Pasta
3684,Tomato Sauce
3685,Eggs
3685,Milk
3685,Pasta
3685,Tea
3686,Crisps
3686,Pasta
3686,Soft Drinks
3687,Baby Wipes
3687,Coffee
3687,Nappies
3688,Baby Wipes
3688,Bread
3688,Nappies
3688,Soft Drinks
3689,Eggs
3689,Milk
3689,Tea
3690,Cheese
3690,Tomato Sauce
3691,Baby Wipes
3691,Cheese
3691,Crisps
3691,Eggs
3691,Pasta
3691,Soft Drinks
3691,Sugar
3691,Tomato Sauce
3692,Baby Wipes
3692,Bread
3692,Butter
3692,Cheese
3692,Coffee
3692,Crisps
3692,Nappies
3692,Soft Drinks
3692,Sugar
3693,Baby Wipes
3693,Nappies
3693,Tomato Sauce
3694,Baby Wipes
3694,Bananas
3694,Nappies
3695,Baby Wipes
3695,Bananas
3695,Milk
3695,Pasta
3695,Sugar
3695,Tomato Sauce
3696,Baby Wipes
3696,Bananas
3696,Butter
3696,Nappies
3696,Pasta
3696,Sugar
3696,Tomato Sauce
3697,Baby Wipes
3697,Bread
3697,Butter
3697,Crisps
3697,Nappies
3697,Soft Drinks
3697,Tomato Sauce
3698,Baby Wipes
3698,Bananas
3698,Cheese
3698,Nappies
3698,Tomato Sauce
3699,Baby Wipes
3699,Bananas
3699,Crisps
3699,Nappies
3699,Soft Drinks
3699,Sugar
3700,Baby Wipes
3700,Bread
3700,Butter
3700,Crisps
3700,Nappies
3700,Pasta
3700,Soft Drinks
3700,Tomato Sauce
3701,Baby Wipes
3701,Cheese
3701,Crisps
3701,Milk
3701,Pasta
3701,Soft Drinks
3701,Tea
3701,Tomato Sauce
3702,Coffee
3702,Milk
3702,Sugar
3703,Baby Wipes
3703,Crisps
3703,Soft Drinks
3704,Crisps
3704,Milk
3704,Sugar
3704,Tea
3705,Bananas
3705,Tea
3706,Cheese
3706,Milk
3706,Sugar
3706,Tea
3707,Butter
3707,Crisps
3707,Milk
3707,Pasta
3707,Tea
3707,Tomato Sauce
3708,Baby Wipes
3708,Bread
3708,Crisps
3708,Eggs
3708,Nappies
3708,Soft Drinks
3709,Baby Wipes
3709,Bread
3709,Butter
3709,Crisps
3709,Milk
3709,Nappies
3709,Sugar
3710,Bananas
3710,Butter
3711,Butter
3711,Cheese
3711,Crisps
3711,Soft Drinks
3712,Baby Wipes
3712,Coffee
3712,Crisps
3712,Milk
3712,Nappies
3712,Soft Drinks
3712,Tea
3713,Bananas
3713,Cheese
3713,Tomato Sauce
3714,Baby Wipes
3714,Cheese
3714,Coffee
3714,Milk
3714,Nappies
3714,Sugar
3715,Baby Wipes
3715,Bread
3715,Crisps
3715,Milk
3715,Nappies
3715,Tea
3715,Tomato Sauce
3716,Baby Wipes
3716,Coffee
3716,Eggs
3716,Milk
3716,Pasta
3716,Sugar
3716,Tea
3716,Tomato Sauce
3717,Baby Wipes
3717,Bread
3717,Butter
3717,Crisps
3717,Nappies
3717,Pasta
3717,Tomato Sauce
3718,Baby Wipes
3718,Cheese
3718,Coffee
3718,Crisps
3718,Soft Drinks
3718,Sugar
3719,Bread
3719,Butter
3719,Sugar
3720,Baby Wipes
3720,Coffee
3720,Crisps
3720,Milk
3720,Nappies
3720,Tea
3721,Baby Wipes
3721,Nappies
3721,Pasta
3721,Tomato Sauce
3722,Baby Wipes
3722,Bananas
3722,Cheese
3722,Coffee
3722,Milk
3722,Nappies
3722,Tea
3723,Cheese
3723,Eggs
3723,Tea
3724,Crisps
3724,Milk
3724,Pasta
3724,Soft Drinks
3724,Sugar
3724,Tea
3724,Tomato Sauce
3725,Pasta
3725,Tea
3725,Tomato Sauce
3726,Baby Wipes
3726,Bread
3726,Soft Drinks
3726,Tomato Sauce
3727,Baby Wipes
3727,Bread
3727,Butter
3727,Coffee
3727,Sugar
3728,Baby Wipes
3728,Bananas
3728,Eggs
3728,Milk
3728,Nappies
3728,Pasta
3728,Tea
3728,Tomato Sauce
3729,Bread
3729,Butter
3729,Cheese
3729,Pasta
3729,Tea
3729,Tomato Sauce
3730,Baby Wipes
3730,Crisps
3730,Nappies
3730,Pasta
3730,Soft Drinks
3730,Sugar
3730,Tea
3730,Tomato Sauce
3731,Baby Wipes
3731,Bananas
3732,Bread
3732,Butter
3732,Cheese
3732,Coffee
3732,Eggs
3732,Nappies
3732,Tea
3733,Crisps
3733,Milk
3733,Soft Drinks
3733,Sugar
3733,Tea
3734,Baby Wipes
3734,Bananas
3734,Crisps
3734,Pasta
3734,Soft Drinks
3734,Tomato Sauce
3735,Bread
3735,Butter
3735,Cheese
3735,Crisps
3735,Milk
3735,Tea
3736,Baby Wipes
3736,Bread
3736,Cheese
3736,Coffee
3736,Crisps
3736,Eggs
3736,Nappies
3737,Butter
3737,Cheese
3737,Coffee
3737,Crisps
3737,Eggs
3737,Soft Drinks
3737,Tomato Sauce
3738,Bread
3738,Butter
3738,Cheese
3738,Eggs
3738,Sugar
3739,Bananas
3739,Eggs
3739,Tomato Sauce
3740,Butter
3740,Cheese
3740,Eggs
3740,Pasta
3740,Tomato Sauce
3741,Baby Wipes
3741,Bread
3741,Butter
3741,Cheese
3741,Nappies
3742,Baby Wipes
3742,Bananas
3742,Bread
3742,Butter
3742,Crisps
3742,Milk
3742,Nappies
3742,Soft Drinks
3743,Bread
3743,Butter
3743,Cheese
3744,Baby Wipes
3744,Butter
3744,Cheese
3744,Crisps
3744,Milk
3744,Nappies
3744,Soft Drinks
3744,Tea
3744,Tomato Sauce
3745,Baby Wipes
3745,Butter
3745,Cheese
3745,Pasta
3745,Soft Drinks
3745,Tea
3745,Tomato Sauce
3746,Bread
3746,Butter
3746,Coffee
3746,Milk
3746,Tea
3747,Bananas
3747,Butter
3747,Eggs
3748,Baby Wipes
3748,Bread
3748,Butter
3748,Crisps
3748,Tea
3749,Baby Wipes
3749,Bananas
3749,Coffee
3749,Crisps
3749,Pasta
3749,Soft Drinks
3749,Sugar
3749,Tomato Sauce
3750,Bread
3750,Butter
3750,Sugar
3750,Tomato Sauce
3751,Cheese
3751,Pasta
3751,Sugar
3752,Bread
3752,Butter
3752,Milk
3752,Nappies
3752,Pasta
3752,Tea
3752,Tomato Sauce
3753,Coffee
3753,Milk
3754,Bread
3754,Butter
3754,Crisps
3754,Milk
3754,Nappies
3754,Tea
3755,Crisps
3755,Eggs
3755,Milk
3755,Soft Drinks
3755,Tea
3756,Bread
3756,Butter
3756,Crisps
3757,Bread
3757,Butter
3757,Crisps
3757,Sugar
3758,Baby Wipes
3758,Cheese
3758,Coffee
3758,Milk
3758,Pasta
3758,Tea
3758,Tomato Sauce
3759,Baby Wipes
3759,Nappies
3759,Sugar
3760,Bread
3760,Butter
3760,Coffee
3760,Crisps
3760,Eggs
3760,Milk
3760,Pasta
3760,Soft Drinks
3760,Tea
3760,Tomato Sauce
3761,Crisps
3761,Eggs
3761,Soft Drinks
3761,Tomato Sauce
3762,Baby Wipes
3762,Bananas
3762,Eggs
3762,Milk
3763,Baby Wipes
3763,Cheese
3763,Crisps
3763,Eggs
3764,Bananas
3764,Coffee
3764,Crisps
3764,Eggs
3764,Pasta
3764,Soft Drinks
3764,Tomato Sauce
3765,Bread
3765,Butter
3765,Pasta
3766,Crisps
3766,Nappies
3766,Soft Drinks
3766,Tea
3766,Tomato Sauce
3767,Baby Wipes
3767,Crisps
3767,Nappies
3767,Soft Drinks
3768,Baby Wipes
3768,Bread
3768,Butter
3768,Cheese
3768,Crisps
3768,Nappies
3768,Soft Drinks
3769,Baby Wipes
3769,Cheese
3769,Nappies
3769,Sugar
3770,Bread
3770,Butter
3770,Coffee
3770,Nappies
3770,Pasta
3770,Tomato Sauce
3771,Bananas
3771,Milk
3771,Sugar
3772,Bread
3772,Coffee
3773,Bread
3773,Butter
3773,Coffee
3773,Crisps
3773,Pasta
3773,Soft Drinks
3773,Tomato Sauce
3774,Baby Wipes
3774,Bread
3774,Butter
3774,Coffee
3774,Crisps
3774,Nappies
3775,Bananas
3775,Crisps
3775,Soft Drinks
3775,Tomato Sauce
3776,Baby Wipes
3776,Butter
3776,Eggs
3776,Milk
3776,Nappies
3776,Sugar
3776,Tea
3777,Nappies
3777,Sugar
3778,Baby Wipes
3778,Milk
3778,Nappies
3778,Pasta
3778,Tomato Sauce
3779,Bananas
3779,Bread
3779,Butter
3779,Eggs
3779,Milk
3779,Tea
3780,Baby Wipes
3780,Bread
3780,Butter
3780,Cheese
3780,Nappies
3780,Pasta
3780,Tomato Sauce
3781,Coffee
3781,Crisps
3781,Milk
3781,Sugar
3781,Tea
3782,Cheese
3782,Sugar
3783,Crisps
3783,Milk
3783,Soft Drinks
3783,Sugar
3783,Tea
3783,Tomato Sauce
3784,Baby Wipes
3784,Bread
3784,Coffee
3784,Nappies
3784,Sugar
3784,Tea
3785,Baby Wipes
3785,Bread
3785,Crisps
3785,Milk
3785,Nappies
3785,Tea
3786,Baby Wipes
3786,Butter
3786,Cheese
3786,Eggs
3786,Milk
3786,Nappies
3787,Baby Wipes
3787,Bananas
3787,Cheese
3787,Nappies
3788,Baby Wipes
3788,Bananas
3788,Cheese
3788,Milk
3788,Nappies
3788,Tea
3788,Tomato Sauce
3789,Baby Wipes
3789,Butter
3789,Nappies
3790,Bananas
3790,Coffee
3790,Eggs
3790,Sugar
3791,Milk
3791,Pasta
3791,Sugar
3791,Tea
3791,Tomato Sauce
3792,Milk
3792,Tomato Sauce
3793,Baby Wipes
3793,Bananas
3793,Tomato Sauce
3794,Butter
3794,Cheese
3794,Coffee
3794,Crisps
3794,Eggs
3794,Sugar
3794,Tea
3795,Baby Wipes
3795,Bread
3795,Butter
3795,Crisps
3795,Eggs
3795,Milk
3795,Nappies
3795,Pasta
3795,Tomato Sauce
3796,Bananas
3796,Crisps
3796,Pasta
3796,Tomato Sauce
3797,Baby Wipes
3797,Cheese
3797,Crisps
3797,Milk
3797,Nappies
3797,Pasta
3797,Soft Drinks
3797,Tea
3797,Tomato Sauce
3798,Baby Wipes
3798,Bread
3798,Nappies
3798,Tea
3799,Baby Wipes
3799,Bananas
3799,Crisps
3799,Nappies
3799,Pasta
3799,Soft Drinks
3799,Tomato Sauce
3800,Baby Wipes
3800,Bread
3800,Butter
3800,Eggs
3800,Milk
3800,Sugar
3800,Tea
3801,Baby Wipes
3801,Bread
3801,Coffee
3801,Nappies
3801,Sugar
3801,Tea
3802,Bananas
3802,Cheese
3802,Pasta
3802,Sugar
3802,Tomato Sauce
3803,Bananas
3803,Butter
3803,Crisps
3803,Nappies
3803,Soft Drinks
3803,Sugar
3804,Cheese
3804,Milk
3804,Tea
3804,Tomato Sauce
3805,Bananas
3805,Bread
3805,Butter
3805,Coffee
3805,Crisps
3805,Milk
3805,Soft Drinks
3805,Sugar
3806,Bread
3806,Cheese
3806,Milk
3806,Pasta
3806,Tea
3806,Tomato Sauce
3807,Baby Wipes
3807,Milk
3807,Pasta
3807,Tea
3807,Tomato Sauce
3808,Baby Wipes
3808,Butter
3808,Coffee
3808,Crisps
3808,Nappies
3808,Sugar
3809,Baby Wipes
3809,Eggs
3809,Milk
3809,Nappies
3809,Pasta
3809,Tomato Sauce
3810,Baby Wipes
3810,Bread
3810,Butter
3810,Eggs
3811,Baby Wipes
3811,Butter
3811,Coffee
3811,Milk
3811,Nappies
3811,Pasta
3811,Sugar
3811,Tea
3811,Tomato Sauce
3812,Butter
3812,Cheese
3812,Crisps
3812,Pasta
3812,Soft Drinks
3812,Tomato Sauce
3813,Baby Wipes
3813,Cheese
3813,Nappies
3813,Tea
3814,Crisps
3814,Eggs
3814,Tomato Sauce
3815,Bread
3815,Butter
3815,Cheese
3815,Coffee
3815,Milk
3815,Pasta
3815,Sugar
3815,Tea
3815,Tomato Sauce
3816,Baby Wipes
3816,Crisps
3816,Milk
3816,Soft Drinks
3817,Baby Wipes
3817,Bread
3817,Butter
3817,Pasta
3818,Baby Wipes
3818,Bread
3818,Butter
3818,Nappies
3818,Tea
3819,Bread
3819,Butter
3819,Crisps
3819,Soft Drinks
3819,Sugar
3820,Bread
3820,Butter
3820,Coffee
3820,Tomato Sauce
3821,Bread
3821,Coffee
3821,Sugar
3822,Bananas
3822,Milk
3823,Baby Wipes
3823,Coffee
3823,Eggs
3823,Nappies
3823,Sugar
3823,Tomato Sauce
3824,Baby Wipes
3824,Bananas
3824,Cheese
3824,Crisps
3824,Eggs
3824,Milk
3824,Soft Drinks
3825,Baby Wipes
3825,Bread
3825,Milk
3825,Nappies
3825,Pasta
3825,Soft Drinks
3825,Tomato Sauce
3826,Sugar
3826,Tomato Sauce
3827,Coffee
3827,Crisps
3827,Eggs
3827,Milk
3827,Pasta
3827,Sugar
3827,Tea
3827,Tomato Sauce
3828,Baby Wipes
3828,Bananas
3828,Butter
3828,Crisps
3828,Eggs
3828,Tea
3829,Bread
3829,Butter
3829,Cheese
3829,Coffee
3829,Crisps
3829,Eggs
3829,Milk
3829,Soft Drinks
3829,Sugar
3829,Tea
3830,Baby Wipes
3830,Bread
3830,Butter
3830,Coffee
3830,Pasta
3830,Tomato Sauce
3831,Bananas
3831,Butter
3831,Crisps
3831,Eggs
3831,Tomato Sauce
3832,Crisps
3832,Eggs
3832,Pasta
3832,Tomato Sauce
3833,Baby Wipes
3833,Cheese
3833,Crisps
3833,Nappies
3833,Sugar
3834,Baby Wipes
3834,Crisps
3834,Soft Drinks
3835,Baby Wipes
3835,Bananas
3835,Cheese
3835,Coffee
3835,Eggs
3835,Sugar
3836,Baby Wipes
3836,Crisps
3836,Nappies
3836,Soft Drinks
3836,Tomato Sauce
3837,Bananas
3837,Bread
3837,Cheese
3837,Milk
3837,Soft Drinks
3838,Baby Wipes
3838,Bananas
3838,Cheese
3838,Nappies
3839,Baby Wipes
3839,Bananas
3839,Coffee
3839,Nappies
3839,Soft Drinks
3839,Sugar
3840,Baby Wipes
3840,Bread
3840,Butter
3840,Crisps
3840,Eggs
3840,Sugar
3840,Tomato Sauce
3841,Baby Wipes
3841,Bananas
3841,Cheese
3841,Eggs
3841,Nappies
3842,Baby Wipes
3842,Bread
3842,Butter
3842,Crisps
3842,Eggs
3842,Nappies
3842,Soft Drinks
3842,Tea
3843,Bananas
3843,Coffee
3843,Milk
3843,Tea
3844,Bananas
3844,Bread
3844,Cheese
3844,Crisps
3844,Milk
3844,Soft Drinks
3844,Tea
3845,Bread
3845,Butter
3845,Soft Drinks
3845,Tomato Sauce
3846,Cheese
3846,Milk
3846,Tea
3847,Baby Wipes
3847,Coffee
3847,Crisps
3847,Eggs
3847,Pasta
3847,Sugar
3847,Tomato Sauce
3848,Sugar
3848,Tea
3849,Coffee
3849,Milk
3849,Pasta
3849,Sugar
3850,Bread
3850,Butter
3850,Cheese
3850,Coffee
3850,Eggs
3850,Nappies
3850,Sugar
3850,Tea
3851,Butter
3851,Pasta
3851,Tea
3852,Baby Wipes
3852,Coffee
3852,Nappies
3852,Tea
3853,Bread
3853,Butter
3853,Tea
3854,Eggs
3854,Milk
3854,Nappies
3854,Tomato Sauce
3855,Bread
3855,Crisps
3855,Eggs
3855,Soft Drinks
3856,Bananas
3856,Coffee
3856,Eggs
3856,Soft Drinks
3856,Sugar
3857,Bread
3857,Butter
3857,Coffee
3857,Eggs
3857,Milk
3857,Nappies
3857,Sugar
3857,Tea
3858,Baby Wipes
3858,Bread
3858,Butter
3858,Coffee
3858,Crisps
3858,Milk
3858,Nappies
3858,Sugar
3859,Cheese
3859,Coffee
3860,Baby Wipes
3860,Crisps
3860,Milk
3860,Nappies
3860,Soft Drinks
3861,Bread
3861,Butter
3861,Crisps
3861,Eggs
3861,Milk
3861,Soft Drinks
3861,Tea
3862,Butter
3862,Milk
3862,Pasta
3862,Tomato Sauce
3863,Baby Wipes
3863,Cheese
3863,Coffee
3863,Crisps
3863,Nappies
3863,Soft Drinks
3864,Bread
3864,Cheese
3864,Pasta
3864,Tomato Sauce
3865,Baby Wipes
3865,Tomato Sauce
3866,Baby Wipes
3866,Crisps
3866,Pasta
3866,Tomato Sauce
3867,Bread
3867,Butter
3867,Eggs
3867,Pasta
3868,Bread
3868,Eggs
3868,Pasta
3868,Soft Drinks
3868,Tea
3868,Tomato Sauce
3869,Baby Wipes
3869,Coffee
3869,Crisps
3869,Milk
3869,Nappies
3869,Sugar
3870,Baby Wipes
3870,Bread
3870,Butter
3870,Cheese
3870,Coffee
3870,Milk
3870,Nappies
3870,Sugar
3871,Bread
3871,Butter
3871,Coffee
3871,Pasta
3871,Sugar
3871,Tomato Sauce
3872,Baby Wipes
3872,Crisps
3872,Milk
3873,Coffee
3873,Crisps
3873,Soft Drinks
3873,Sugar
3874,Crisps
3874,Milk
3874,Soft Drinks
3875,Butter
3875,Cheese
3875,Crisps
3875,Milk
3875,Tomato Sauce
3876,Bread
3876,Butter
3876,Milk
3876,Sugar
3876,Tea
3877,Baby Wipes
3877,Bananas
3877,Cheese
3877,Coffee
3877,Eggs
3877,Nappies
3877,Sugar
3878,Baby Wipes
3878,Bread
3878,Butter
3878,Cheese
3878,Coffee
3878,Milk
3878,Tea
3879,Pasta
3879,Tomato Sauce
3880,Tea
3880,Tomato Sauce
3881,Baby Wipes
3881,Coffee
3881,Nappies
3881,Sugar
3882,Bananas
3882,Butter
3882,Eggs
3882,Milk
3882,Tea
3882,Tomato Sauce
3883,Bananas
3883,Butter
3883,Crisps
3883,Milk
3883,Soft Drinks
3884,Bread
3884,Butter
3884,Cheese
3885,Milk
3885,Tomato Sauce
3886,Bread
3886,Butter
3886,Pasta
3886,Tomato Sauce
3887,Baby Wipes
3887,Crisps
3887,Milk
3887,Nappies
3887,Soft Drinks
3887,Tea
3888,Bananas
3888,Bread
3888,Butter
3888,Crisps
3888,Soft Drinks
3889,Baby Wipes
3889,Bananas
3889,Cheese
3889,Nappies
3890,Bread
3890,Butter
3890,Tea
3891,Baby Wipes
3891,Bananas
3891,Bread
3891,Butter
3891,Crisps
3891,Nappies
3891,Soft Drinks
3891,Tomato Sauce
3892,Baby Wipes
3892,Crisps
3892,Pasta
3892,Soft Drinks
3892,Tomato Sauce
3893,Bananas
3893,Butter
3893,Eggs
3893,Pasta
3893,Soft Drinks
3893,Tomato Sauce
3894,Baby Wipes
3894,Bread
3894,Butter
3894,Coffee
3894,Eggs
3894,Pasta
3894,Tomato Sauce
3895,Bread
3895,Butter
3895,Crisps
3895,Pasta
3895,Sugar
3895,Tea
3895,Tomato Sauce
3896,Bananas
3896,Butter
3896,Coffee
3896,Nappies
3896,Sugar
3897,Baby Wipes
3897,Bread
3897,Butter
3897,Cheese
3897,Crisps
3897,Nappies
3897,Pasta
3897,Tomato Sauce
3898,Baby Wipes
3898,Bread
3898,Butter
3898,Coffee
3898,Crisps
3898,Eggs
3898,Nappies
3898,Soft Drinks
3898,Sugar
3898,Tomato Sauce
3899,Pasta
3899,Tomato Sauce
3900,Bread
3900,Pasta
3900,Soft Drinks
3900,Tomato Sauce
3901,Bananas
3901,Bread
3901,Butter
3901,Crisps
3901,Eggs
3901,Pasta
3901,Soft Drinks
3901,Sugar
3901,Tomato Sauce
3902,Baby Wipes
3902,Butter
3902,Coffee
3902,Sugar
3903,Baby Wipes
3903,Bread
3903,Butter
3903,Crisps
3903,Milk
3903,Nappies
3903,Soft Drinks
3903,Tea
3904,Baby Wipes
3904,Crisps
3904,Milk
3905,Baby Wipes
3905,Bread
3905,Butter
3905,Crisps
3905,Eggs
3905,Nappies
3905,Pasta
3905,Soft Drinks
3905,Tomato Sauce
3906,Crisps
3906,Milk
3906,Pasta
3906,Tomato Sauce
3907,Baby Wipes
3907,Bread
3907,Butter
3907,Nappies
3908,Bananas
3908,Coffee
3908,Pasta
3908,Soft Drinks
3908,Tomato Sauce
3909,Baby Wipes
3909,Butter
3909,Crisps
3909,Eggs
3909,Milk
3909,Nappies
3909,Pasta
3909,Soft Drinks
3909,Tea
3909,Tomato Sauce
3910,Bread
3910,Cheese
3910,Crisps
3910,Nappies
3910,Soft Drinks
3910,Tea
3911,Baby Wipes
3911,Coffee
3911,Sugar
3912,Baby Wipes
3912,Bananas
3912,Butter
3912,Milk
3912,Nappies
3912,Pasta
3912,Tea
3912,Tomato Sauce
3913,Cheese
3913,Coffee
3913,Sugar
3914,Baby Wipes
3914,Nappies
3914,Sugar
3915,Baby Wipes
3915,Eggs
3915,Nappies
3915,Pasta
3915,Tomato Sauce
3916,Baby Wipes
3916,Bread
3916,Butter
3916,Eggs
3916,Nappies
3916,Pasta
3916,Tomato Sauce
3917,Cheese
3917,Coffee
3917,Crisps
3917,Pasta
3917,Tomato Sauce
3918,Eggs
3918,Milk
3918,Tea
3919,Baby Wipes
3919,Coffee
3919,Nappies
3919,Pasta
3919,Sugar
3919,Tomato Sauce
3920,Bananas
3920,Crisps
3921,Baby Wipes
3921,Coffee
3921,Eggs
3921,Milk
3921,Nappies
3921,Soft Drinks
3921,Tea
3922,Bananas
3922,Bread
3922,Butter
3922,Eggs
3922,Milk
3922,Pasta
3922,Tea
3922,Tomato Sauce
3923,Bread
3923,Crisps
3923,Soft Drinks
3924,Baby Wipes
3924,Crisps
3924,Eggs
3924,Milk
3924,Nappies
3924,Soft Drinks
3924,Sugar
3924,Tea
3925,Bread
3925,Butter
3925,Coffee
3925,Sugar
3926,Baby Wipes
3926,Bread
3926,Coffee
3926,Crisps
3926,Nappies
3926,Sugar
3926,Tea
3927,Bread
3927,Butter
3927,Cheese
3927,Crisps
3927,Soft Drinks
3928,Bananas
3928,Eggs
3928,Milk
3928,Tea
3928,Tomato Sauce
3929,Bread
3929,Cheese
3930,Bread
3930,Butter
3930,Cheese
3930,Crisps
3930,Milk
3930,Soft Drinks
3930,Tea
3931,Bread
3931,Butter
3931,Crisps
3931,Pasta
3931,Soft Drinks
3931,Sugar
3931,Tomato Sauce
3932,Bananas
3932,Coffee
3932,Crisps
3932,Soft Drinks
3933,Bread
3933,Butter
3933,Coffee
3933,Crisps
3933,Eggs
3933,Milk
3933,Pasta
3933,Soft Drinks
3933,Sugar
3933,Tea
3933,Tomato Sauce
3934,Bread
3934,Butter
3934,Crisps
3934,Nappies
3934,Soft Drinks
3935,Coffee
3935,Crisps
3935,Pasta
3935,Soft Drinks
3936,Bananas
3936,Bread
3936,Butter
3936,Cheese
3936,Soft Drinks
3937,Bread
3937,Coffee
3937,Eggs
3937,Pasta
3937,Soft Drinks
3937,Sugar
3937,Tea
3937,Tomato Sauce
3938,Cheese
3938,Crisps
3938,Eggs
3938,Milk
3938,Soft Drinks
3938,Tomato Sauce
3939,Coffee
3939,Eggs
3939,Milk
3939,Nappies
3939,Tomato Sauce
3940,Baby Wipes
3940,Crisps
3940,Nappies
3940,Soft Drinks
3940,Tea
3941,Baby Wipes
3941,Coffee
3941,Crisps
3941,Eggs
3941,Milk
3941,Nappies
3941,Soft Drinks
3942,Coffee
3942,Sugar
3942,Tomato Sauce
3943,Baby Wipes
3943,Bread
3943,Coffee
3943,Eggs
3943,Nappies
3943,Sugar
3944,Baby Wipes
3944,Crisps
3944,Nappies
3945,Bread
3945,Butter
3945,Cheese
3946,Baby Wipes
3946,Crisps
3946,Eggs
3946,Nappies
3946,Pasta
3946,Soft Drinks
3946,Tea
3946,Tomato Sauce
3947,Cheese
3947,Coffee
3948,Eggs
3948,Milk
3948,Pasta
3948,Tomato Sauce
3949,Baby Wipes
3949,Cheese
3950,Eggs
3950,Pasta
3950,Tomato Sauce
3951,Baby Wipes
3951,Bread
3951,Butter
3951,Milk
3951,Pasta
3951,Tea
3951,Tomato Sauce
3952,Coffee
3952,Crisps
3952,Eggs
3952,Milk
3952,Soft Drinks
3952,Sugar
3952,Tea
3953,Baby Wipes
3953,Nappies
3953,Soft Drinks
3953,Sugar
3954,Bananas
3954,Butter
3954,Cheese
3954,Sugar
3954,Tea
3955,Butter
3955,Tomato Sauce
3956,Bananas
3956,Bread
3956,Butter
3956,Coffee
3956,Crisps
3956,Soft Drinks
3956,Sugar
3957,Crisps
3957,Soft Drinks
3957,Sugar
3958,Bananas
3958,Eggs
3959,Baby Wipes
3959,Nappies
3959,Tomato Sauce
3960,Baby Wipes
3960,Crisps
3960,Tomato Sauce
3961,Bananas
3961,Crisps
3961,Eggs
3961,Milk
3961,Soft Drinks
3961,Tea
3962,Bread
3962,Butter
3962,Cheese
3962,Crisps
3962,Eggs
3962,Soft Drinks
3962,Sugar
3963,Baby Wipes
3963,Bread
3963,Butter
3963,Coffee
3963,Crisps
3963,Eggs
3963,Sugar
3964,Butter
3964,Coffee
3964,Crisps
3964,Eggs
3964,Soft Drinks
3964,Sugar
3965,Butter
3965,Coffee
3966,Baby Wipes
3966,Butter
3966,Cheese
3966,Nappies
3966,Pasta
3966,Tea
3966,Tomato Sauce
3967,Cheese
3967,Crisps
3968,Baby Wipes
3968,Cheese
3968,Crisps
3968,Milk
3968,Nappies
3968,Soft Drinks
3968,Tea
3968,Tomato Sauce
3969,Bread
3969,Crisps
3970,Baby Wipes
3970,Bananas
3970,Pasta
3970,Soft Drinks
3970,Tomato Sauce
3971,Bananas
3971,Cheese
3971,Eggs
3971,Milk
3971,Tea
3972,Coffee
3972,Sugar
3972,Tea
3973,Baby Wipes
3973,Crisps
3973,Pasta
3973,Tea
3973,Tomato Sauce
3974,Crisps
3974,Milk
3974,Pasta
3974,Soft Drinks
3974,Tea
3974,Tomato Sauce
3975,Baby Wipes
3975,Bread
3975,Butter
3975,Nappies
3975,Pasta
3975,Sugar
3975,Tomato Sauce
3976,Baby Wipes
3976,Eggs
3976,Milk
3976,Nappies
3976,Tomato Sauce
3977,Baby Wipes
3977,Eggs
3977,Nappies
3978,Milk
3978,Pasta
3979,Bananas
3979,Bread
3979,Butter
3979,Cheese
3979,Crisps
3979,Soft Drinks
3980,Baby Wipes
3980,Bread
3980,Butter
3980,Cheese
3980,Crisps
3980,Nappies
3980,Soft Drinks
3981,Butter
3981,Cheese
3981,Eggs
3981,Milk
3981,Sugar
3982,Butter
3982,Crisps
3982,Soft Drinks
3983,Bread
3983,Milk
3984,Cheese
3984,Pasta
3984,Soft Drinks
3984,Sugar
3985,Baby Wipes
3985,Butter
3985,Eggs
3985,Nappies
3986,Butter
3986,Crisps
3986,Soft Drinks
3986,Tomato Sauce
3987,Baby Wipes
3987,Eggs
3988,Baby Wipes
3988,Cheese
3988,Coffee
3988,Crisps
3988,Milk
3988,Nappies
3988,Tea
3989,Coffee
3989,Crisps
3989,Soft Drinks
3990,Baby Wipes
3990,Bread
3990,Eggs
3990,Nappies
3991,Bananas
3991,Crisps
3991,Eggs
3991,Milk
3991,Pasta
3991,Tomato Sauce
3992,Baby Wipes
3992,Milk
3992,Nappies
3992,Soft Drinks
3992,Tomato Sauce
3993,Bread
3993,Butter
3993,Coffee
3993,Eggs
3993,Sugar
3994,Bananas
3994,Coffee
3994,Pasta
3994,Tomato Sauce
3995,Baby Wipes
3995,Cheese
3995,Pasta
3995,Soft Drinks
3995,Sugar
3996,Baby Wipes
3996,Bananas
3996,Bread
3996,Butter
3996,Cheese
3996,Coffee
3996,Milk
3996,Nappies
3996,Sugar
3996,Tea
3997,Eggs
3997,Tea
3998,Bananas
3998,Coffee
3998,Crisps
3998,Milk
3998,Pasta
3998,Tomato Sauce
3999,Baby Wipes
3999,Coffee
3999,Eggs
3999,Nappies
3999,Sugar
4000,Bananas
4000,Bread
4000,Butter
4000,Crisps
4000,Milk
4000,Nappies
4000,Pasta
4000,Tea
4000,Tomato Sauce
